compte_courant,duree_mois,historique_credit,objectif_credit,montant_credit,epargne,emploi_depuis,taux_remboursement,statut_personnel,garants,residence_depuis,patrimoine,age,autres_credits,logement,nb_credits_banque,emploi,personnes_a_charge,telephone,travailleur_etranger,classe
< 0 DM (découvert),6,Compte critique / autres crédits,Radio/Télévision,1169,Pas d'épargne,>= 7 ans,4,Homme célibataire,Aucun,4,Immobilier,67,Aucun,Propriétaire,2,Qualifié/Employé/Fonctionnaire,1,Oui (à son nom),Oui,Bon client
0-200 DM,48,Crédits en cours remboursés,Radio/Télévision,5951,< 100 DM,1-4 ans,2,Femme divorcée/mariée,Aucun,2,Immobilier,22,Aucun,Propriétaire,1,Qualifié/Employé/Fonctionnaire,1,Non,Oui,Mauvais client
Pas de compte,12,Compte critique / autres crédits,Éducation,2096,< 100 DM,4-7 ans,2,Homme célibataire,Aucun,3,Immobilier,49,Aucun,Propriétaire,1,Non qualifié (résident),2,Non,Oui,Bon client
< 0 DM (découvert),42,Crédits en cours remboursés,Meubles/Équipement,7882,< 100 DM,4-7 ans,2,Homme célibataire,Garant,4,Épargne logement/Assurance vie,45,Aucun,Gratuit,1,Qualifié/Employé/Fonctionnaire,2,Non,Oui,Bon client
< 0 DM (découvert),24,Retards de paiement passés,Voiture (neuve),4870,< 100 DM,1-4 ans,3,Homme célibataire,Aucun,4,Aucun patrimoine,53,Aucun,Gratuit,2,Qualifié/Employé/Fonctionnaire,2,Non,Oui,Mauvais client
Pas de compte,36,Crédits en cours remboursés,Éducation,9055,Pas d'épargne,1-4 ans,2,Homme célibataire,Aucun,4,Aucun patrimoine,35,Aucun,Gratuit,1,Non qualifié (résident),2,Oui (à son nom),Oui,Bon client
Pas de compte,24,Crédits en cours remboursés,Meubles/Équipement,2835,500-1000 DM,>= 7 ans,3,Homme célibataire,Aucun,4,Épargne logement/Assurance vie,53,Aucun,Propriétaire,1,Qualifié/Employé/Fonctionnaire,1,Non,Oui,Bon client
0-200 DM,36,Crédits en cours remboursés,Voiture (occasion),6948,< 100 DM,1-4 ans,2,Homme célibataire,Aucun,2,Voiture ou autre,35,Aucun,Location,1,Cadre/Indépendant/Dirigeant,1,Oui (à son nom),Oui,Bon client
Pas de compte,12,Crédits en cours remboursés,Radio/Télévision,3059,>= 1000 DM,4-7 ans,2,Homme divorcé/séparé,Aucun,4,Immobilier,61,Aucun,Propriétaire,1,Non qualifié (résident),1,Non,Oui,Bon client
0-200 DM,30,Compte critique / autres crédits,Voiture (neuve),5234,< 100 DM,Sans emploi,4,Homme marié/veuf,Aucun,2,Voiture ou autre,28,Aucun,Propriétaire,2,Cadre/Indépendant/Dirigeant,1,Non,Oui,Mauvais client
0-200 DM,12,Crédits en cours remboursés,Voiture (neuve),1295,< 100 DM,< 1 an,3,Femme divorcée/mariée,Aucun,1,Voiture ou autre,25,Aucun,Location,1,Qualifié/Employé/Fonctionnaire,1,Non,Oui,Mauvais client
< 0 DM (découvert),48,Crédits en cours remboursés,Business,4308,< 100 DM,< 1 an,3,Femme divorcée/mariée,Aucun,4,Épargne logement/Assurance vie,24,Aucun,Location,1,Qualifié/Employé/Fonctionnaire,1,Non,Oui,Mauvais client
0-200 DM,12,Crédits en cours remboursés,Radio/Télévision,1567,< 100 DM,1-4 ans,1,Femme divorcée/mariée,Aucun,1,Voiture ou autre,22,Aucun,Propriétaire,1,Qualifié/Employé/Fonctionnaire,1,Oui (à son nom),Oui,Bon client
< 0 DM (découvert),24,Compte critique / autres crédits,Voiture (neuve),1199,< 100 DM,>= 7 ans,4,Homme célibataire,Aucun,4,Voiture ou autre,60,Aucun,Propriétaire,2,Non qualifié (résident),1,Non,Oui,Mauvais client
< 0 DM (découvert),15,Crédits en cours remboursés,Voiture (neuve),1403,< 100 DM,1-4 ans,2,Femme divorcée/mariée,Aucun,4,Voiture ou autre,28,Aucun,Location,1,Qualifié/Employé/Fonctionnaire,1,Non,Oui,Bon client
< 0 DM (découvert),24,Crédits en cours remboursés,Radio/Télévision,1282,100-500 DM,1-4 ans,4,Femme divorcée/mariée,Aucun,2,Voiture ou autre,32,Aucun,Propriétaire,1,Non qualifié (résident),1,Non,Oui,Mauvais client
Pas de compte,24,Compte critique / autres crédits,Radio/Télévision,2424,Pas d'épargne,>= 7 ans,4,Homme célibataire,Aucun,4,Épargne logement/Assurance vie,53,Aucun,Propriétaire,2,Qualifié/Employé/Fonctionnaire,1,Non,Oui,Bon client
< 0 DM (découvert),30,Aucun crédit / tous remboursés,Business,8072,Pas d'épargne,< 1 an,2,Homme célibataire,Aucun,3,Voiture ou autre,25,Banque,Propriétaire,3,Qualifié/Employé/Fonctionnaire,1,Non,Oui,Bon client
0-200 DM,24,Crédits en cours remboursés,Voiture (occasion),12579,< 100 DM,>= 7 ans,4,Femme divorcée/mariée,Aucun,2,Aucun patrimoine,44,Aucun,Gratuit,1,Cadre/Indépendant/Dirigeant,1,Oui (à son nom),Oui,Mauvais client
Pas de compte,24,Crédits en cours remboursés,Radio/Télévision,3430,500-1000 DM,>= 7 ans,3,Homme célibataire,Aucun,2,Voiture ou autre,31,Aucun,Propriétaire,1,Qualifié/Employé/Fonctionnaire,2,Oui (à son nom),Oui,Bon client
Pas de compte,9,Compte critique / autres crédits,Voiture (neuve),2134,< 100 DM,1-4 ans,4,Homme célibataire,Aucun,4,Voiture ou autre,48,Aucun,Propriétaire,3,Qualifié/Employé/Fonctionnaire,1,Oui (à son nom),Oui,Bon client
< 0 DM (découvert),6,Crédits en cours remboursés,Radio/Télévision,2647,500-1000 DM,1-4 ans,2,Homme célibataire,Aucun,3,Immobilier,44,Aucun,Location,1,Qualifié/Employé/Fonctionnaire,2,Non,Oui,Bon client
< 0 DM (découvert),10,Compte critique / autres crédits,Voiture (neuve),2241,< 100 DM,< 1 an,1,Homme célibataire,Aucun,3,Immobilier,48,Aucun,Location,2,Non qualifié (résident),2,Non,Non,Bon client
0-200 DM,12,Compte critique / autres crédits,Voiture (occasion),1804,100-500 DM,< 1 an,3,Homme célibataire,Aucun,4,Épargne logement/Assurance vie,44,Aucun,Propriétaire,1,Qualifié/Employé/Fonctionnaire,1,Non,Oui,Bon client
Pas de compte,10,Compte critique / autres crédits,Meubles/Équipement,2069,Pas d'épargne,1-4 ans,2,Homme marié/veuf,Aucun,1,Voiture ou autre,26,Aucun,Propriétaire,2,Qualifié/Employé/Fonctionnaire,1,Non,Non,Bon client
< 0 DM (découvert),6,Crédits en cours remboursés,Meubles/Équipement,1374,< 100 DM,1-4 ans,1,Homme célibataire,Aucun,2,Immobilier,36,Banque,Propriétaire,1,Non qualifié (résident),1,Oui (à son nom),Oui,Bon client
Pas de compte,6,Aucun crédit / tous remboursés,Radio/Télévision,426,< 100 DM,>= 7 ans,4,Homme marié/veuf,Aucun,4,Voiture ou autre,39,Aucun,Propriétaire,1,Non qualifié (résident),1,Non,Oui,Bon client
>= 200 DM,12,Tous crédits remboursés ici,Radio/Télévision,409,>= 1000 DM,1-4 ans,3,Femme divorcée/mariée,Aucun,3,Immobilier,42,Aucun,Location,2,Qualifié/Employé/Fonctionnaire,1,Non,Oui,Bon client
0-200 DM,7,Crédits en cours remboursés,Radio/Télévision,2415,< 100 DM,1-4 ans,3,Homme célibataire,Garant,2,Immobilier,34,Aucun,Propriétaire,1,Qualifié/Employé/Fonctionnaire,1,Non,Oui,Bon client
< 0 DM (découvert),60,Retards de paiement passés,Business,6836,< 100 DM,>= 7 ans,3,Homme célibataire,Aucun,4,Aucun patrimoine,63,Aucun,Propriétaire,2,Qualifié/Employé/Fonctionnaire,1,Oui (à son nom),Oui,Mauvais client
0-200 DM,18,Crédits en cours remboursés,Business,1913,>= 1000 DM,< 1 an,3,Homme marié/veuf,Aucun,3,Immobilier,36,Banque,Propriétaire,1,Qualifié/Employé/Fonctionnaire,1,Oui (à son nom),Oui,Bon client
< 0 DM (découvert),24,Crédits en cours remboursés,Meubles/Équipement,4020,< 100 DM,1-4 ans,2,Homme célibataire,Aucun,2,Voiture ou autre,27,Magasins,Propriétaire,1,Qualifié/Employé/Fonctionnaire,1,Non,Oui,Bon client
0-200 DM,18,Crédits en cours remboursés,Voiture (neuve),5866,100-500 DM,1-4 ans,2,Homme célibataire,Aucun,2,Voiture ou autre,30,Aucun,Propriétaire,2,Qualifié/Employé/Fonctionnaire,1,Oui (à son nom),Oui,Bon client
Pas de compte,12,Compte critique / autres crédits,Business,1264,Pas d'épargne,>= 7 ans,4,Homme célibataire,Aucun,4,Aucun patrimoine,57,Aucun,Location,1,Non qualifié (résident),1,Non,Oui,Bon client
>= 200 DM,12,Crédits en cours remboursés,Meubles/Équipement,1474,< 100 DM,< 1 an,4,Femme divorcée/mariée,Aucun,1,Épargne logement/Assurance vie,33,Banque,Propriétaire,1,Cadre/Indépendant/Dirigeant,1,Oui (à son nom),Oui,Bon client
0-200 DM,45,Compte critique / autres crédits,Radio/Télévision,4746,< 100 DM,< 1 an,4,Homme célibataire,Aucun,2,Épargne logement/Assurance vie,25,Aucun,Propriétaire,2,Non qualifié (résident),1,Non,Oui,Mauvais client
Pas de compte,48,Compte critique / autres crédits,Éducation,6110,< 100 DM,1-4 ans,1,Homme célibataire,Aucun,3,Aucun patrimoine,31,Banque,Gratuit,1,Qualifié/Employé/Fonctionnaire,1,Oui (à son nom),Oui,Bon client
>= 200 DM,18,Crédits en cours remboursés,Radio/Télévision,2100,< 100 DM,1-4 ans,4,Homme célibataire,Co-demandeur,2,Immobilier,37,Magasins,Propriétaire,1,Qualifié/Employé/Fonctionnaire,1,Non,Oui,Mauvais client
>= 200 DM,10,Crédits en cours remboursés,Électroménager,1225,< 100 DM,1-4 ans,2,Homme célibataire,Aucun,2,Voiture ou autre,37,Aucun,Propriétaire,1,Qualifié/Employé/Fonctionnaire,1,Oui (à son nom),Oui,Bon client
0-200 DM,9,Crédits en cours remboursés,Radio/Télévision,458,< 100 DM,1-4 ans,4,Homme célibataire,Aucun,3,Immobilier,24,Aucun,Propriétaire,1,Qualifié/Employé/Fonctionnaire,1,Non,Oui,Bon client
Pas de compte,30,Crédits en cours remboursés,Radio/Télévision,2333,500-1000 DM,>= 7 ans,4,Homme célibataire,Aucun,2,Voiture ou autre,30,Banque,Propriétaire,1,Cadre/Indépendant/Dirigeant,1,Non,Oui,Bon client
0-200 DM,12,Crédits en cours remboursés,Radio/Télévision,1158,500-1000 DM,1-4 ans,3,Homme divorcé/séparé,Aucun,1,Voiture ou autre,26,Aucun,Propriétaire,1,Qualifié/Employé/Fonctionnaire,1,Oui (à son nom),Oui,Bon client
0-200 DM,18,Retards de paiement passés,Réparations,6204,< 100 DM,1-4 ans,2,Homme célibataire,Aucun,4,Immobilier,44,Aucun,Propriétaire,1,Non qualifié (résident),2,Oui (à son nom),Oui,Bon client
< 0 DM (découvert),30,Compte critique / autres crédits,Voiture (occasion),6187,100-500 DM,4-7 ans,1,Homme marié/veuf,Aucun,4,Voiture ou autre,24,Aucun,Location,2,Qualifié/Employé/Fonctionnaire,1,Non,Oui,Bon client
< 0 DM (découvert),48,Compte critique / autres crédits,Voiture (occasion),6143,< 100 DM,>= 7 ans,4,Femme divorcée/mariée,Aucun,4,Aucun patrimoine,58,Magasins,Gratuit,2,Non qualifié (résident),1,Non,Oui,Mauvais client
Pas de compte,11,Compte critique / autres crédits,Voiture (neuve),1393,< 100 DM,< 1 an,4,Femme divorcée/mariée,Aucun,4,Voiture ou autre,35,Aucun,Propriétaire,2,Cadre/Indépendant/Dirigeant,1,Non,Oui,Bon client
Pas de compte,36,Crédits en cours remboursés,Radio/Télévision,2299,500-1000 DM,>= 7 ans,4,Homme célibataire,Aucun,4,Voiture ou autre,39,Aucun,Propriétaire,1,Qualifié/Employé/Fonctionnaire,1,Non,Oui,Bon client
< 0 DM (découvert),6,Crédits en cours remboursés,Voiture (occasion),1352,500-1000 DM,Sans emploi,1,Femme divorcée/mariée,Aucun,2,Épargne logement/Assurance vie,23,Aucun,Location,1,Sans emploi/Non qualifié (non-résident),1,Oui (à son nom),Oui,Bon client
Pas de compte,11,Compte critique / autres crédits,Voiture (neuve),7228,< 100 DM,1-4 ans,1,Homme célibataire,Aucun,4,Épargne logement/Assurance vie,39,Aucun,Propriétaire,2,Non qualifié (résident),1,Non,Oui,Bon client
Pas de compte,12,Crédits en cours remboursés,Radio/Télévision,2073,100-500 DM,1-4 ans,4,Femme divorcée/mariée,Co-demandeur,2,Immobilier,28,Aucun,Propriétaire,1,Qualifié/Employé/Fonctionnaire,1,Non,Oui,Bon client
0-200 DM,24,Retards de paiement passés,Meubles/Équipement,2333,Pas d'épargne,< 1 an,4,Homme célibataire,Aucun,2,Épargne logement/Assurance vie,29,Banque,Propriétaire,1,Non qualifié (résident),1,Non,Oui,Bon client
0-200 DM,27,Retards de paiement passés,Voiture (occasion),5965,< 100 DM,>= 7 ans,1,Homme célibataire,Aucun,2,Voiture ou autre,30,Aucun,Propriétaire,2,Cadre/Indépendant/Dirigeant,1,Oui (à son nom),Oui,Bon client
Pas de compte,12,Crédits en cours remboursés,Radio/Télévision,1262,< 100 DM,1-4 ans,3,Homme célibataire,Aucun,2,Voiture ou autre,25,Aucun,Propriétaire,1,Qualifié/Employé/Fonctionnaire,1,Non,Oui,Bon client
Pas de compte,18,Crédits en cours remboursés,Voiture (occasion),3378,Pas d'épargne,1-4 ans,2,Homme célibataire,Aucun,1,Épargne logement/Assurance vie,31,Aucun,Propriétaire,1,Qualifié/Employé/Fonctionnaire,1,Oui (à son nom),Oui,Bon client
0-200 DM,36,Retards de paiement passés,Voiture (neuve),2225,< 100 DM,>= 7 ans,4,Homme célibataire,Aucun,4,Aucun patrimoine,57,Banque,Gratuit,2,Qualifié/Employé/Fonctionnaire,1,Oui (à son nom),Oui,Mauvais client
Pas de compte,6,Tous crédits remboursés ici,Voiture (neuve),783,Pas d'épargne,1-4 ans,1,Homme célibataire,Garant,2,Immobilier,26,Magasins,Propriétaire,1,Non qualifié (résident),2,Non,Oui,Bon client
0-200 DM,12,Crédits en cours remboursés,Radio/Télévision,6468,Pas d'épargne,Sans emploi,2,Homme célibataire,Aucun,1,Aucun patrimoine,52,Aucun,Propriétaire,1,Cadre/Indépendant/Dirigeant,1,Oui (à son nom),Oui,Mauvais client
Pas de compte,36,Compte critique / autres crédits,Radio/Télévision,9566,< 100 DM,1-4 ans,2,Femme divorcée/mariée,Aucun,2,Voiture ou autre,31,Magasins,Propriétaire,2,Qualifié/Employé/Fonctionnaire,1,Non,Oui,Bon client
>= 200 DM,18,Crédits en cours remboursés,Voiture (neuve),1961,< 100 DM,>= 7 ans,3,Femme divorcée/mariée,Aucun,2,Voiture ou autre,23,Aucun,Propriétaire,1,Cadre/Indépendant/Dirigeant,1,Non,Oui,Bon client
< 0 DM (découvert),36,Compte critique / autres crédits,Meubles/Équipement,6229,< 100 DM,< 1 an,4,Femme divorcée/mariée,Co-demandeur,4,Aucun patrimoine,23,Aucun,Location,2,Non qualifié (résident),1,Oui (à son nom),Oui,Mauvais client
0-200 DM,9,Crédits en cours remboursés,Business,1391,< 100 DM,1-4 ans,2,Homme marié/veuf,Aucun,1,Immobilier,27,Banque,Propriétaire,1,Qualifié/Employé/Fonctionnaire,1,Oui (à son nom),Oui,Bon client
0-200 DM,15,Compte critique / autres crédits,Radio/Télévision,1537,Pas d'épargne,>= 7 ans,4,Homme célibataire,Garant,4,Immobilier,50,Aucun,Propriétaire,2,Qualifié/Employé/Fonctionnaire,1,Oui (à son nom),Oui,Bon client
0-200 DM,36,Aucun crédit / tous remboursés,Business,1953,< 100 DM,>= 7 ans,4,Homme célibataire,Aucun,4,Aucun patrimoine,61,Aucun,Gratuit,1,Cadre/Indépendant/Dirigeant,1,Oui (à son nom),Oui,Mauvais client
0-200 DM,48,Aucun crédit / tous remboursés,Business,14421,< 100 DM,1-4 ans,2,Homme célibataire,Aucun,2,Voiture ou autre,25,Aucun,Propriétaire,1,Qualifié/Employé/Fonctionnaire,1,Oui (à son nom),Oui,Mauvais client
Pas de compte,24,Crédits en cours remboursés,Radio/Télévision,3181,< 100 DM,< 1 an,4,Femme divorcée/mariée,Aucun,4,Épargne logement/Assurance vie,26,Aucun,Propriétaire,1,Qualifié/Employé/Fonctionnaire,1,Oui (à son nom),Oui,Bon client
Pas de compte,27,Crédits en cours remboursés,Réparations,5190,Pas d'épargne,>= 7 ans,4,Homme célibataire,Aucun,4,Épargne logement/Assurance vie,48,Aucun,Propriétaire,4,Qualifié/Employé/Fonctionnaire,2,Oui (à son nom),Oui,Bon client
Pas de compte,12,Crédits en cours remboursés,Radio/Télévision,2171,< 100 DM,< 1 an,2,Femme divorcée/mariée,Aucun,2,Voiture ou autre,29,Banque,Propriétaire,1,Qualifié/Employé/Fonctionnaire,1,Non,Oui,Bon client
0-200 DM,12,Crédits en cours remboursés,Voiture (neuve),1007,>= 1000 DM,1-4 ans,4,Homme marié/veuf,Aucun,1,Immobilier,22,Aucun,Propriétaire,1,Qualifié/Employé/Fonctionnaire,1,Non,Oui,Bon client
Pas de compte,36,Crédits en cours remboursés,Éducation,1819,< 100 DM,1-4 ans,4,Homme célibataire,Aucun,4,Aucun patrimoine,37,Magasins,Gratuit,1,Qualifié/Employé/Fonctionnaire,1,Oui (à son nom),Oui,Mauvais client
Pas de compte,36,Crédits en cours remboursés,Radio/Télévision,2394,Pas d'épargne,1-4 ans,4,Femme divorcée/mariée,Aucun,4,Voiture ou autre,25,Aucun,Propriétaire,1,Qualifié/Employé/Fonctionnaire,1,Non,Oui,Bon client
Pas de compte,36,Crédits en cours remboursés,Voiture (occasion),8133,< 100 DM,1-4 ans,1,Femme divorcée/mariée,Aucun,2,Épargne logement/Assurance vie,30,Banque,Propriétaire,1,Qualifié/Employé/Fonctionnaire,1,Non,Oui,Bon client
Pas de compte,7,Compte critique / autres crédits,Radio/Télévision,730,Pas d'épargne,>= 7 ans,4,Homme célibataire,Aucun,2,Épargne logement/Assurance vie,46,Aucun,Location,2,Non qualifié (résident),1,Oui (à son nom),Oui,Bon client
< 0 DM (découvert),8,Compte critique / autres crédits,Autres,1164,< 100 DM,>= 7 ans,3,Homme célibataire,Aucun,4,Aucun patrimoine,51,Banque,Gratuit,2,Cadre/Indépendant/Dirigeant,2,Oui (à son nom),Oui,Bon client
0-200 DM,42,Compte critique / autres crédits,Business,5954,< 100 DM,4-7 ans,2,Femme divorcée/mariée,Aucun,1,Immobilier,41,Banque,Propriétaire,2,Non qualifié (résident),1,Non,Oui,Bon client
< 0 DM (découvert),36,Crédits en cours remboursés,Éducation,1977,Pas d'épargne,>= 7 ans,4,Homme célibataire,Aucun,4,Aucun patrimoine,40,Aucun,Propriétaire,1,Cadre/Indépendant/Dirigeant,1,Oui (à son nom),Oui,Mauvais client
< 0 DM (découvert),12,Compte critique / autres crédits,Voiture (occasion),1526,< 100 DM,>= 7 ans,4,Homme célibataire,Aucun,4,Aucun patrimoine,66,Aucun,Gratuit,2,Cadre/Indépendant/Dirigeant,1,Non,Oui,Bon client
< 0 DM (découvert),42,Crédits en cours remboursés,Radio/Télévision,3965,< 100 DM,< 1 an,4,Homme célibataire,Aucun,3,Voiture ou autre,34,Aucun,Propriétaire,1,Qualifié/Employé/Fonctionnaire,1,Non,Oui,Mauvais client
0-200 DM,11,Retards de paiement passés,Radio/Télévision,4771,< 100 DM,4-7 ans,2,Homme célibataire,Aucun,4,Épargne logement/Assurance vie,51,Aucun,Propriétaire,1,Qualifié/Employé/Fonctionnaire,1,Non,Oui,Bon client
Pas de compte,54,Aucun crédit / tous remboursés,Voiture (occasion),9436,Pas d'épargne,1-4 ans,2,Homme célibataire,Aucun,2,Épargne logement/Assurance vie,39,Aucun,Propriétaire,1,Non qualifié (résident),2,Non,Oui,Bon client
0-200 DM,30,Crédits en cours remboursés,Meubles/Équipement,3832,< 100 DM,< 1 an,2,Homme marié/veuf,Aucun,1,Épargne logement/Assurance vie,22,Aucun,Propriétaire,1,Qualifié/Employé/Fonctionnaire,1,Non,Oui,Bon client
Pas de compte,24,Crédits en cours remboursés,Radio/Télévision,5943,Pas d'épargne,< 1 an,1,Femme divorcée/mariée,Aucun,1,Voiture ou autre,44,Aucun,Propriétaire,2,Qualifié/Employé/Fonctionnaire,1,Oui (à son nom),Oui,Mauvais client
Pas de compte,15,Crédits en cours remboursés,Radio/Télévision,1213,500-1000 DM,>= 7 ans,4,Homme célibataire,Aucun,3,Épargne logement/Assurance vie,47,Magasins,Propriétaire,1,Qualifié/Employé/Fonctionnaire,1,Oui (à son nom),Oui,Bon client
Pas de compte,18,Crédits en cours remboursés,Business,1568,100-500 DM,1-4 ans,3,Femme divorcée/mariée,Aucun,4,Épargne logement/Assurance vie,24,Aucun,Location,1,Non qualifié (résident),1,Non,Oui,Bon client
< 0 DM (découvert),24,Crédits en cours remboursés,Autres,1755,< 100 DM,>= 7 ans,4,Femme divorcée/mariée,Garant,4,Immobilier,58,Aucun,Propriétaire,1,Non qualifié (résident),1,Oui (à son nom),Oui,Bon client
< 0 DM (découvert),10,Crédits en cours remboursés,Radio/Télévision,2315,< 100 DM,>= 7 ans,3,Homme célibataire,Aucun,4,Immobilier,52,Aucun,Propriétaire,1,Non qualifié (résident),1,Non,Oui,Bon client
Pas de compte,12,Compte critique / autres crédits,Business,1412,< 100 DM,1-4 ans,4,Femme divorcée/mariée,Garant,2,Immobilier,29,Aucun,Propriétaire,2,Cadre/Indépendant/Dirigeant,1,Oui (à son nom),Oui,Bon client
0-200 DM,18,Compte critique / autres crédits,Meubles/Équipement,1295,< 100 DM,< 1 an,4,Femme divorcée/mariée,Aucun,1,Épargne logement/Assurance vie,27,Aucun,Propriétaire,2,Qualifié/Employé/Fonctionnaire,1,Non,Oui,Bon client
0-200 DM,36,Crédits en cours remboursés,Éducation,12612,100-500 DM,1-4 ans,1,Homme célibataire,Aucun,4,Aucun patrimoine,47,Aucun,Gratuit,1,Qualifié/Employé/Fonctionnaire,2,Oui (à son nom),Oui,Mauvais client
< 0 DM (découvert),18,Crédits en cours remboursés,Voiture (neuve),2249,100-500 DM,4-7 ans,4,Homme célibataire,Aucun,3,Voiture ou autre,30,Aucun,Propriétaire,1,Cadre/Indépendant/Dirigeant,2,Oui (à son nom),Oui,Bon client
< 0 DM (découvert),12,Aucun crédit / tous remboursés,Réparations,1108,< 100 DM,4-7 ans,4,Homme célibataire,Aucun,3,Immobilier,28,Aucun,Propriétaire,2,Qualifié/Employé/Fonctionnaire,1,Non,Oui,Mauvais client
Pas de compte,12,Compte critique / autres crédits,Radio/Télévision,618,< 100 DM,>= 7 ans,4,Homme célibataire,Aucun,4,Immobilier,56,Aucun,Propriétaire,1,Qualifié/Employé/Fonctionnaire,1,Non,Oui,Bon client
< 0 DM (découvert),12,Compte critique / autres crédits,Voiture (occasion),1409,< 100 DM,>= 7 ans,4,Homme célibataire,Aucun,3,Immobilier,54,Aucun,Propriétaire,1,Qualifié/Employé/Fonctionnaire,1,Non,Oui,Bon client
Pas de compte,12,Compte critique / autres crédits,Radio/Télévision,797,Pas d'épargne,>= 7 ans,4,Femme divorcée/mariée,Aucun,3,Épargne logement/Assurance vie,33,Banque,Propriétaire,1,Non qualifié (résident),2,Non,Oui,Mauvais client
>= 200 DM,24,Compte critique / autres crédits,Meubles/Équipement,3617,Pas d'épargne,>= 7 ans,4,Homme célibataire,Co-demandeur,4,Aucun patrimoine,20,Aucun,Location,2,Qualifié/Employé/Fonctionnaire,1,Non,Oui,Bon client
0-200 DM,12,Crédits en cours remboursés,Voiture (neuve),1318,>= 1000 DM,>= 7 ans,4,Homme célibataire,Aucun,4,Immobilier,54,Aucun,Propriétaire,1,Qualifié/Employé/Fonctionnaire,1,Oui (à son nom),Oui,Bon client
0-200 DM,54,Aucun crédit / tous remboursés,Business,15945,< 100 DM,< 1 an,3,Homme célibataire,Aucun,4,Aucun patrimoine,58,Aucun,Location,1,Qualifié/Employé/Fonctionnaire,1,Oui (à son nom),Oui,Mauvais client
Pas de compte,12,Compte critique / autres crédits,Éducation,2012,Pas d'épargne,4-7 ans,4,Femme divorcée/mariée,Aucun,2,Voiture ou autre,61,Aucun,Propriétaire,1,Qualifié/Employé/Fonctionnaire,1,Non,Oui,Bon client
0-200 DM,18,Crédits en cours remboursés,Business,2622,100-500 DM,1-4 ans,4,Homme célibataire,Aucun,4,Voiture ou autre,34,Aucun,Propriétaire,1,Qualifié/Employé/Fonctionnaire,1,Non,Oui,Bon client
0-200 DM,36,Compte critique / autres crédits,Radio/Télévision,2337,< 100 DM,>= 7 ans,4,Homme célibataire,Aucun,4,Immobilier,36,Aucun,Propriétaire,1,Qualifié/Employé/Fonctionnaire,1,Non,Oui,Bon client
0-200 DM,20,Retards de paiement passés,Voiture (occasion),7057,Pas d'épargne,4-7 ans,3,Homme célibataire,Aucun,4,Épargne logement/Assurance vie,36,Banque,Location,2,Cadre/Indépendant/Dirigeant,2,Oui (à son nom),Oui,Bon client
Pas de compte,24,Crédits en cours remboursés,Voiture (neuve),1469,100-500 DM,>= 7 ans,4,Homme marié/veuf,Aucun,4,Immobilier,41,Aucun,Location,1,Non qualifié (résident),1,Non,Oui,Bon client
0-200 DM,36,Crédits en cours remboursés,Radio/Télévision,2323,< 100 DM,4-7 ans,4,Homme célibataire,Aucun,4,Voiture ou autre,24,Aucun,Location,1,Qualifié/Employé/Fonctionnaire,1,Non,Oui,Bon client
Pas de compte,6,Retards de paiement passés,Radio/Télévision,932,< 100 DM,1-4 ans,3,Femme divorcée/mariée,Aucun,2,Immobilier,24,Aucun,Propriétaire,1,Qualifié/Employé/Fonctionnaire,1,Non,Oui,Bon client
0-200 DM,9,Compte critique / autres crédits,Meubles/Équipement,1919,< 100 DM,4-7 ans,4,Homme célibataire,Aucun,3,Voiture ou autre,35,Aucun,Location,1,Qualifié/Employé/Fonctionnaire,1,Oui (à son nom),Oui,Bon client
Pas de compte,12,Crédits en cours remboursés,Voiture (occasion),2445,Pas d'épargne,< 1 an,2,Homme marié/veuf,Aucun,4,Voiture ou autre,26,Aucun,Location,1,Qualifié/Employé/Fonctionnaire,1,Oui (à son nom),Oui,Bon client
0-200 DM,24,Compte critique / autres crédits,Autres,11938,< 100 DM,1-4 ans,2,Homme célibataire,Co-demandeur,3,Voiture ou autre,39,Aucun,Propriétaire,2,Cadre/Indépendant/Dirigeant,2,Oui (à son nom),Oui,Mauvais client
Pas de compte,18,Tous crédits remboursés ici,Voiture (neuve),6458,< 100 DM,>= 7 ans,2,Homme célibataire,Aucun,4,Aucun patrimoine,39,Banque,Propriétaire,2,Cadre/Indépendant/Dirigeant,2,Oui (à son nom),Oui,Mauvais client
0-200 DM,12,Crédits en cours remboursés,Voiture (neuve),6078,< 100 DM,4-7 ans,2,Homme célibataire,Aucun,2,Voiture ou autre,32,Aucun,Propriétaire,1,Qualifié/Employé/Fonctionnaire,1,Non,Oui,Bon client
< 0 DM (découvert),24,Crédits en cours remboursés,Meubles/Équipement,7721,Pas d'épargne,< 1 an,1,Femme divorcée/mariée,Aucun,2,Épargne logement/Assurance vie,30,Aucun,Propriétaire,1,Qualifié/Employé/Fonctionnaire,1,Oui (à son nom),Non,Bon client
0-200 DM,14,Crédits en cours remboursés,Business,1410,500-1000 DM,>= 7 ans,1,Homme marié/veuf,Aucun,2,Immobilier,35,Aucun,Propriétaire,1,Qualifié/Employé/Fonctionnaire,1,Oui (à son nom),Oui,Bon client
0-200 DM,6,Retards de paiement passés,Business,1449,100-500 DM,>= 7 ans,1,Homme divorcé/séparé,Aucun,2,Voiture ou autre,31,Banque,Propriétaire,2,Qualifié/Employé/Fonctionnaire,2,Non,Oui,Bon client
>= 200 DM,15,Crédits en cours remboursés,Éducation,392,< 100 DM,< 1 an,4,Femme divorcée/mariée,Aucun,4,Épargne logement/Assurance vie,23,Aucun,Location,1,Qualifié/Employé/Fonctionnaire,1,Oui (à son nom),Oui,Bon client
0-200 DM,18,Crédits en cours remboursés,Voiture (neuve),6260,< 100 DM,4-7 ans,3,Homme célibataire,Aucun,3,Immobilier,28,Aucun,Location,1,Non qualifié (résident),1,Non,Oui,Bon client
Pas de compte,36,Compte critique / autres crédits,Voiture (neuve),7855,< 100 DM,1-4 ans,4,Femme divorcée/mariée,Aucun,2,Immobilier,25,Magasins,Propriétaire,2,Qualifié/Employé/Fonctionnaire,1,Oui (à son nom),Oui,Mauvais client
< 0 DM (découvert),12,Crédits en cours remboursés,Radio/Télévision,1680,500-1000 DM,>= 7 ans,3,Homme marié/veuf,Aucun,1,Immobilier,35,Aucun,Propriétaire,1,Qualifié/Employé/Fonctionnaire,1,Non,Oui,Bon client
Pas de compte,48,Compte critique / autres crédits,Radio/Télévision,3578,Pas d'épargne,>= 7 ans,4,Homme célibataire,Aucun,1,Immobilier,47,Aucun,Propriétaire,1,Qualifié/Employé/Fonctionnaire,1,Oui (à son nom),Oui,Bon client
< 0 DM (découvert),42,Crédits en cours remboursés,Radio/Télévision,7174,Pas d'épargne,4-7 ans,4,Femme divorcée/mariée,Aucun,3,Voiture ou autre,30,Aucun,Propriétaire,1,Cadre/Indépendant/Dirigeant,1,Oui (à son nom),Oui,Mauvais client
< 0 DM (découvert),10,Compte critique / autres crédits,Meubles/Équipement,2132,Pas d'épargne,< 1 an,2,Femme divorcée/mariée,Co-demandeur,3,Immobilier,27,Aucun,Location,2,Qualifié/Employé/Fonctionnaire,1,Non,Non,Bon client
< 0 DM (découvert),33,Compte critique / autres crédits,Meubles/Équipement,4281,500-1000 DM,1-4 ans,1,Femme divorcée/mariée,Aucun,4,Voiture ou autre,23,Aucun,Propriétaire,2,Qualifié/Employé/Fonctionnaire,1,Non,Oui,Mauvais client
0-200 DM,12,Compte critique / autres crédits,Voiture (neuve),2366,500-1000 DM,4-7 ans,3,Homme divorcé/séparé,Aucun,3,Voiture ou autre,36,Aucun,Propriétaire,1,Cadre/Indépendant/Dirigeant,1,Oui (à son nom),Oui,Bon client
< 0 DM (découvert),21,Crédits en cours remboursés,Radio/Télévision,1835,< 100 DM,1-4 ans,3,Femme divorcée/mariée,Aucun,2,Immobilier,25,Aucun,Propriétaire,2,Qualifié/Employé/Fonctionnaire,1,Oui (à son nom),Oui,Mauvais client
Pas de compte,24,Compte critique / autres crédits,Voiture (occasion),3868,< 100 DM,>= 7 ans,4,Femme divorcée/mariée,Aucun,2,Voiture ou autre,41,Aucun,Location,2,Cadre/Indépendant/Dirigeant,1,Oui (à son nom),Oui,Bon client
Pas de compte,12,Crédits en cours remboursés,Meubles/Équipement,1768,< 100 DM,1-4 ans,3,Homme célibataire,Aucun,2,Immobilier,24,Aucun,Location,1,Non qualifié (résident),1,Non,Oui,Bon client
>= 200 DM,10,Compte critique / autres crédits,Voiture (neuve),781,< 100 DM,>= 7 ans,4,Homme célibataire,Aucun,4,Aucun patrimoine,63,Aucun,Gratuit,2,Qualifié/Employé/Fonctionnaire,1,Oui (à son nom),Oui,Bon client
0-200 DM,18,Crédits en cours remboursés,Meubles/Équipement,1924,Pas d'épargne,< 1 an,4,Femme divorcée/mariée,Aucun,3,Immobilier,27,Aucun,Location,1,Qualifié/Employé/Fonctionnaire,1,Non,Oui,Mauvais client
< 0 DM (découvert),12,Compte critique / autres crédits,Voiture (neuve),2121,< 100 DM,1-4 ans,4,Homme célibataire,Aucun,2,Épargne logement/Assurance vie,30,Aucun,Propriétaire,2,Qualifié/Employé/Fonctionnaire,1,Non,Oui,Bon client
< 0 DM (découvert),12,Crédits en cours remboursés,Radio/Télévision,701,< 100 DM,1-4 ans,4,Homme marié/veuf,Aucun,2,Immobilier,40,Aucun,Propriétaire,1,Non qualifié (résident),1,Non,Oui,Bon client
0-200 DM,12,Crédits en cours remboursés,Réparations,639,< 100 DM,1-4 ans,4,Homme célibataire,Aucun,2,Voiture ou autre,30,Aucun,Propriétaire,1,Qualifié/Employé/Fonctionnaire,1,Non,Oui,Mauvais client
0-200 DM,12,Compte critique / autres crédits,Voiture (occasion),1860,< 100 DM,Sans emploi,4,Homme célibataire,Aucun,2,Voiture ou autre,34,Aucun,Propriétaire,2,Cadre/Indépendant/Dirigeant,1,Oui (à son nom),Oui,Bon client
< 0 DM (découvert),12,Compte critique / autres crédits,Voiture (neuve),3499,< 100 DM,1-4 ans,3,Femme divorcée/mariée,Co-demandeur,2,Immobilier,29,Aucun,Propriétaire,2,Qualifié/Employé/Fonctionnaire,1,Non,Oui,Mauvais client
0-200 DM,48,Crédits en cours remboursés,Voiture (neuve),8487,Pas d'épargne,4-7 ans,1,Femme divorcée/mariée,Aucun,2,Voiture ou autre,24,Aucun,Propriétaire,1,Qualifié/Employé/Fonctionnaire,1,Non,Oui,Bon client
< 0 DM (découvert),36,Retards de paiement passés,Éducation,6887,< 100 DM,1-4 ans,4,Homme célibataire,Aucun,3,Épargne logement/Assurance vie,29,Magasins,Propriétaire,1,Qualifié/Employé/Fonctionnaire,1,Oui (à son nom),Oui,Mauvais client
Pas de compte,15,Crédits en cours remboursés,Meubles/Équipement,2708,< 100 DM,< 1 an,2,Homme célibataire,Aucun,3,Épargne logement/Assurance vie,27,Banque,Propriétaire,2,Non qualifié (résident),1,Non,Oui,Bon client
Pas de compte,18,Crédits en cours remboursés,Meubles/Équipement,1984,< 100 DM,1-4 ans,4,Homme célibataire,Aucun,4,Aucun patrimoine,47,Banque,Gratuit,2,Qualifié/Employé/Fonctionnaire,1,Non,Oui,Bon client
Pas de compte,60,Crédits en cours remboursés,Radio/Télévision,10144,100-500 DM,4-7 ans,2,Femme divorcée/mariée,Aucun,4,Immobilier,21,Aucun,Propriétaire,1,Qualifié/Employé/Fonctionnaire,1,Oui (à son nom),Oui,Bon client
Pas de compte,12,Compte critique / autres crédits,Radio/Télévision,1240,Pas d'épargne,>= 7 ans,4,Femme divorcée/mariée,Aucun,2,Immobilier,38,Aucun,Propriétaire,2,Qualifié/Employé/Fonctionnaire,1,Oui (à son nom),Oui,Bon client
Pas de compte,27,Retards de paiement passés,Voiture (occasion),8613,>= 1000 DM,1-4 ans,2,Homme célibataire,Aucun,2,Voiture ou autre,27,Aucun,Propriétaire,2,Qualifié/Employé/Fonctionnaire,1,Non,Oui,Bon client
0-200 DM,12,Crédits en cours remboursés,Radio/Télévision,766,500-1000 DM,1-4 ans,4,Homme célibataire,Aucun,3,Immobilier,66,Aucun,Propriétaire,1,Non qualifié (résident),1,Non,Oui,Mauvais client
0-200 DM,15,Compte critique / autres crédits,Radio/Télévision,2728,Pas d'épargne,4-7 ans,4,Homme célibataire,Garant,2,Immobilier,35,Banque,Propriétaire,3,Qualifié/Employé/Fonctionnaire,1,Oui (à son nom),Oui,Bon client
>= 200 DM,12,Crédits en cours remboursés,Radio/Télévision,1881,< 100 DM,1-4 ans,2,Femme divorcée/mariée,Aucun,2,Voiture ou autre,44,Aucun,Location,1,Non qualifié (résident),1,Oui (à son nom),Oui,Bon client
>= 200 DM,6,Crédits en cours remboursés,Voiture (neuve),709,>= 1000 DM,< 1 an,2,Homme marié/veuf,Aucun,2,Immobilier,27,Aucun,Propriétaire,1,Sans emploi/Non qualifié (non-résident),1,Non,Non,Bon client
0-200 DM,36,Crédits en cours remboursés,Radio/Télévision,4795,< 100 DM,< 1 an,4,Femme divorcée/mariée,Aucun,1,Aucun patrimoine,30,Aucun,Propriétaire,1,Cadre/Indépendant/Dirigeant,1,Oui (à son nom),Oui,Bon client
< 0 DM (découvert),27,Crédits en cours remboursés,Radio/Télévision,3416,< 100 DM,1-4 ans,3,Homme célibataire,Aucun,2,Voiture ou autre,27,Aucun,Propriétaire,1,Cadre/Indépendant/Dirigeant,1,Non,Oui,Bon client
< 0 DM (découvert),18,Crédits en cours remboursés,Meubles/Équipement,2462,< 100 DM,1-4 ans,2,Homme célibataire,Aucun,2,Voiture ou autre,22,Aucun,Propriétaire,1,Qualifié/Employé/Fonctionnaire,1,Non,Oui,Mauvais client
Pas de compte,21,Compte critique / autres crédits,Meubles/Équipement,2288,< 100 DM,< 1 an,4,Femme divorcée/mariée,Aucun,4,Épargne logement/Assurance vie,23,Aucun,Propriétaire,1,Qualifié/Employé/Fonctionnaire,1,Oui (à son nom),Oui,Bon client
0-200 DM,48,Tous crédits remboursés ici,Business,3566,100-500 DM,4-7 ans,4,Homme célibataire,Aucun,2,Voiture ou autre,30,Aucun,Propriétaire,1,Qualifié/Employé/Fonctionnaire,1,Non,Oui,Bon client
< 0 DM (découvert),6,Compte critique / autres crédits,Voiture (neuve),860,< 100 DM,>= 7 ans,1,Femme divorcée/mariée,Aucun,4,Aucun patrimoine,39,Aucun,Propriétaire,2,Qualifié/Employé/Fonctionnaire,1,Oui (à son nom),Oui,Bon client
Pas de compte,12,Compte critique / autres crédits,Voiture (neuve),682,100-500 DM,4-7 ans,4,Femme divorcée/mariée,Aucun,3,Voiture ou autre,51,Aucun,Propriétaire,2,Qualifié/Employé/Fonctionnaire,1,Oui (à son nom),Oui,Bon client
< 0 DM (découvert),36,Compte critique / autres crédits,Meubles/Équipement,5371,< 100 DM,1-4 ans,3,Homme célibataire,Garant,2,Épargne logement/Assurance vie,28,Aucun,Propriétaire,2,Qualifié/Employé/Fonctionnaire,1,Non,Oui,Bon client
Pas de compte,18,Compte critique / autres crédits,Radio/Télévision,1582,>= 1000 DM,>= 7 ans,4,Homme célibataire,Aucun,4,Voiture ou autre,46,Aucun,Propriétaire,2,Qualifié/Employé/Fonctionnaire,1,Non,Oui,Bon client
Pas de compte,6,Crédits en cours remboursés,Radio/Télévision,1346,100-500 DM,>= 7 ans,2,Homme célibataire,Aucun,4,Aucun patrimoine,42,Banque,Gratuit,1,Qualifié/Employé/Fonctionnaire,2,Oui (à son nom),Oui,Bon client
Pas de compte,10,Crédits en cours remboursés,Radio/Télévision,1924,< 100 DM,1-4 ans,1,Homme célibataire,Aucun,4,Épargne logement/Assurance vie,38,Aucun,Propriétaire,1,Qualifié/Employé/Fonctionnaire,1,Oui (à son nom),Non,Bon client
>= 200 DM,36,Crédits en cours remboursés,Radio/Télévision,5848,< 100 DM,1-4 ans,4,Homme célibataire,Aucun,1,Voiture ou autre,24,Aucun,Propriétaire,1,Qualifié/Employé/Fonctionnaire,1,Non,Oui,Bon client
0-200 DM,24,Compte critique / autres crédits,Voiture (occasion),7758,>= 1000 DM,>= 7 ans,2,Femme divorcée/mariée,Aucun,4,Aucun patrimoine,29,Aucun,Location,1,Qualifié/Employé/Fonctionnaire,1,Non,Oui,Bon client
0-200 DM,24,Retards de paiement passés,Business,6967,100-500 DM,4-7 ans,4,Homme célibataire,Aucun,4,Voiture ou autre,36,Aucun,Location,1,Cadre/Indépendant/Dirigeant,1,Oui (à son nom),Oui,Bon client
< 0 DM (découvert),12,Crédits en cours remboursés,Meubles/Équipement,1282,< 100 DM,1-4 ans,2,Femme divorcée/mariée,Aucun,4,Voiture ou autre,20,Aucun,Location,1,Qualifié/Employé/Fonctionnaire,1,Non,Oui,Mauvais client
< 0 DM (découvert),9,Compte critique / autres crédits,Réparations,1288,100-500 DM,>= 7 ans,3,Homme célibataire,Garant,4,Immobilier,48,Aucun,Propriétaire,2,Qualifié/Employé/Fonctionnaire,2,Non,Non,Bon client
< 0 DM (découvert),12,Tous crédits remboursés ici,Reconversion pro,339,< 100 DM,>= 7 ans,4,Homme marié/veuf,Aucun,1,Voiture ou autre,45,Banque,Propriétaire,1,Non qualifié (résident),1,Non,Oui,Bon client
0-200 DM,24,Crédits en cours remboursés,Voiture (neuve),3512,100-500 DM,4-7 ans,2,Homme célibataire,Aucun,3,Voiture ou autre,38,Banque,Propriétaire,2,Qualifié/Employé/Fonctionnaire,1,Oui (à son nom),Oui,Bon client
Pas de compte,6,Compte critique / autres crédits,Radio/Télévision,1898,Pas d'épargne,1-4 ans,1,Homme célibataire,Aucun,2,Immobilier,34,Aucun,Propriétaire,2,Non qualifié (résident),2,Non,Oui,Bon client
Pas de compte,24,Compte critique / autres crédits,Radio/Télévision,2872,100-500 DM,>= 7 ans,3,Homme célibataire,Aucun,4,Immobilier,36,Aucun,Propriétaire,1,Qualifié/Employé/Fonctionnaire,2,Oui (à son nom),Oui,Bon client
Pas de compte,18,Compte critique / autres crédits,Voiture (neuve),1055,< 100 DM,< 1 an,4,Femme divorcée/mariée,Aucun,1,Épargne logement/Assurance vie,30,Aucun,Propriétaire,2,Qualifié/Employé/Fonctionnaire,1,Non,Oui,Bon client
Pas de compte,15,Crédits en cours remboursés,Électroménager,1262,500-1000 DM,4-7 ans,4,Homme célibataire,Aucun,3,Épargne logement/Assurance vie,36,Aucun,Propriétaire,2,Qualifié/Employé/Fonctionnaire,1,Oui (à son nom),Oui,Bon client
0-200 DM,10,Crédits en cours remboursés,Voiture (neuve),7308,< 100 DM,Sans emploi,2,Homme célibataire,Aucun,4,Aucun patrimoine,70,Banque,Gratuit,1,Cadre/Indépendant/Dirigeant,1,Oui (à son nom),Oui,Bon client
Pas de compte,36,Crédits en cours remboursés,Voiture (neuve),909,500-1000 DM,>= 7 ans,4,Homme célibataire,Aucun,4,Épargne logement/Assurance vie,36,Aucun,Propriétaire,1,Qualifié/Employé/Fonctionnaire,1,Non,Oui,Bon client
Pas de compte,6,Crédits en cours remboursés,Meubles/Équipement,2978,500-1000 DM,1-4 ans,1,Homme célibataire,Aucun,2,Voiture ou autre,32,Aucun,Propriétaire,1,Qualifié/Employé/Fonctionnaire,1,Oui (à son nom),Oui,Bon client
< 0 DM (découvert),18,Crédits en cours remboursés,Meubles/Équipement,1131,< 100 DM,Sans emploi,4,Femme divorcée/mariée,Aucun,2,Voiture ou autre,33,Aucun,Propriétaire,1,Qualifié/Employé/Fonctionnaire,1,Non,Oui,Mauvais client
0-200 DM,11,Crédits en cours remboursés,Meubles/Équipement,1577,>= 1000 DM,< 1 an,4,Femme divorcée/mariée,Aucun,1,Immobilier,20,Aucun,Propriétaire,1,Qualifié/Employé/Fonctionnaire,1,Non,Oui,Bon client
Pas de compte,24,Crédits en cours remboursés,Meubles/Équipement,3972,< 100 DM,4-7 ans,2,Femme divorcée/mariée,Aucun,4,Épargne logement/Assurance vie,25,Aucun,Location,1,Qualifié/Employé/Fonctionnaire,1,Oui (à son nom),Oui,Bon client
0-200 DM,24,Compte critique / autres crédits,Business,1935,< 100 DM,>= 7 ans,4,Homme divorcé/séparé,Aucun,4,Immobilier,31,Aucun,Propriétaire,2,Qualifié/Employé/Fonctionnaire,1,Oui (à son nom),Oui,Mauvais client
< 0 DM (découvert),15,Aucun crédit / tous remboursés,Voiture (neuve),950,< 100 DM,>= 7 ans,4,Homme célibataire,Aucun,3,Voiture ou autre,33,Aucun,Location,2,Qualifié/Employé/Fonctionnaire,2,Non,Oui,Mauvais client
Pas de compte,12,Crédits en cours remboursés,Meubles/Équipement,763,< 100 DM,1-4 ans,4,Femme divorcée/mariée,Aucun,1,Immobilier,26,Aucun,Propriétaire,1,Qualifié/Employé/Fonctionnaire,1,Oui (à son nom),Oui,Bon client
0-200 DM,24,Retards de paiement passés,Meubles/Équipement,2064,< 100 DM,Sans emploi,3,Femme divorcée/mariée,Aucun,2,Épargne logement/Assurance vie,34,Aucun,Propriétaire,1,Cadre/Indépendant/Dirigeant,1,Oui (à son nom),Oui,Mauvais client
0-200 DM,8,Crédits en cours remboursés,Radio/Télévision,1414,< 100 DM,1-4 ans,4,Homme célibataire,Garant,2,Immobilier,33,Aucun,Propriétaire,1,Qualifié/Employé/Fonctionnaire,1,Non,Non,Bon client
< 0 DM (découvert),21,Retards de paiement passés,Éducation,3414,< 100 DM,< 1 an,2,Homme célibataire,Aucun,1,Épargne logement/Assurance vie,26,Aucun,Propriétaire,2,Qualifié/Employé/Fonctionnaire,1,Non,Oui,Mauvais client
Pas de compte,30,Tous crédits remboursés ici,Voiture (occasion),7485,Pas d'épargne,Sans emploi,4,Femme divorcée/mariée,Aucun,1,Immobilier,53,Banque,Propriétaire,1,Cadre/Indépendant/Dirigeant,1,Oui (à son nom),Oui,Mauvais client
< 0 DM (découvert),12,Crédits en cours remboursés,Meubles/Équipement,2577,< 100 DM,1-4 ans,2,Homme divorcé/séparé,Aucun,1,Voiture ou autre,42,Aucun,Propriétaire,1,Qualifié/Employé/Fonctionnaire,1,Non,Oui,Bon client
< 0 DM (découvert),6,Compte critique / autres crédits,Radio/Télévision,338,500-1000 DM,>= 7 ans,4,Homme célibataire,Aucun,4,Voiture ou autre,52,Aucun,Propriétaire,2,Qualifié/Employé/Fonctionnaire,1,Non,Oui,Bon client
Pas de compte,12,Crédits en cours remboursés,Radio/Télévision,1963,< 100 DM,4-7 ans,4,Homme célibataire,Aucun,2,Voiture ou autre,31,Aucun,Location,2,Cadre/Indépendant/Dirigeant,2,Oui (à son nom),Oui,Bon client
< 0 DM (découvert),21,Compte critique / autres crédits,Voiture (neuve),571,< 100 DM,>= 7 ans,4,Homme célibataire,Aucun,4,Immobilier,65,Aucun,Propriétaire,2,Qualifié/Employé/Fonctionnaire,1,Non,Oui,Bon client
Pas de compte,36,Retards de paiement passés,Business,9572,< 100 DM,< 1 an,1,Homme divorcé/séparé,Aucun,1,Voiture ou autre,28,Aucun,Propriétaire,2,Qualifié/Employé/Fonctionnaire,1,Non,Oui,Mauvais client
0-200 DM,36,Retards de paiement passés,Business,4455,< 100 DM,1-4 ans,2,Homme divorcé/séparé,Aucun,2,Immobilier,30,Magasins,Propriétaire,2,Cadre/Indépendant/Dirigeant,1,Oui (à son nom),Oui,Mauvais client
< 0 DM (découvert),21,Tous crédits remboursés ici,Voiture (neuve),1647,Pas d'épargne,1-4 ans,4,Homme célibataire,Aucun,2,Épargne logement/Assurance vie,40,Aucun,Propriétaire,2,Non qualifié (résident),2,Non,Oui,Mauvais client
Pas de compte,24,Compte critique / autres crédits,Meubles/Équipement,3777,>= 1000 DM,1-4 ans,4,Homme célibataire,Aucun,4,Immobilier,50,Aucun,Propriétaire,1,Qualifié/Employé/Fonctionnaire,1,Oui (à son nom),Oui,Bon client
0-200 DM,18,Compte critique / autres crédits,Voiture (neuve),884,< 100 DM,>= 7 ans,4,Homme célibataire,Aucun,4,Voiture ou autre,36,Banque,Propriétaire,1,Qualifié/Employé/Fonctionnaire,2,Oui (à son nom),Oui,Mauvais client
Pas de compte,15,Compte critique / autres crédits,Radio/Télévision,1360,< 100 DM,1-4 ans,4,Homme célibataire,Aucun,2,Épargne logement/Assurance vie,31,Aucun,Propriétaire,2,Qualifié/Employé/Fonctionnaire,1,Non,Oui,Bon client
0-200 DM,9,Tous crédits remboursés ici,Voiture (occasion),5129,< 100 DM,>= 7 ans,2,Femme divorcée/mariée,Aucun,4,Aucun patrimoine,74,Banque,Gratuit,1,Cadre/Indépendant/Dirigeant,2,Oui (à son nom),Oui,Mauvais client
0-200 DM,16,Compte critique / autres crédits,Voiture (neuve),1175,< 100 DM,Sans emploi,2,Homme célibataire,Aucun,3,Voiture ou autre,68,Aucun,Gratuit,3,Sans emploi/Non qualifié (non-résident),1,Oui (à son nom),Oui,Bon client
< 0 DM (découvert),12,Crédits en cours remboursés,Radio/Télévision,674,100-500 DM,4-7 ans,4,Homme marié/veuf,Aucun,1,Épargne logement/Assurance vie,20,Aucun,Propriétaire,1,Qualifié/Employé/Fonctionnaire,1,Non,Oui,Mauvais client
0-200 DM,18,Aucun crédit / tous remboursés,Meubles/Équipement,3244,< 100 DM,1-4 ans,1,Femme divorcée/mariée,Aucun,4,Voiture ou autre,33,Banque,Propriétaire,2,Qualifié/Employé/Fonctionnaire,1,Oui (à son nom),Oui,Bon client
Pas de compte,24,Crédits en cours remboursés,Business,4591,>= 1000 DM,1-4 ans,2,Homme célibataire,Aucun,3,Épargne logement/Assurance vie,54,Aucun,Propriétaire,3,Cadre/Indépendant/Dirigeant,1,Oui (à son nom),Oui,Mauvais client
0-200 DM,48,Aucun crédit / tous remboursés,Business,3844,100-500 DM,4-7 ans,4,Homme célibataire,Aucun,4,Aucun patrimoine,34,Aucun,Gratuit,1,Non qualifié (résident),2,Non,Oui,Mauvais client
0-200 DM,27,Crédits en cours remboursés,Business,3915,< 100 DM,1-4 ans,4,Homme célibataire,Aucun,2,Voiture ou autre,36,Aucun,Propriétaire,1,Qualifié/Employé/Fonctionnaire,2,Oui (à son nom),Oui,Mauvais client
Pas de compte,6,Crédits en cours remboursés,Radio/Télévision,2108,< 100 DM,4-7 ans,2,Homme marié/veuf,Aucun,2,Immobilier,29,Aucun,Location,1,Qualifié/Employé/Fonctionnaire,1,Non,Oui,Bon client
0-200 DM,45,Crédits en cours remboursés,Radio/Télévision,3031,100-500 DM,1-4 ans,4,Homme célibataire,Garant,4,Épargne logement/Assurance vie,21,Aucun,Location,1,Qualifié/Employé/Fonctionnaire,1,Non,Oui,Mauvais client
0-200 DM,9,Compte critique / autres crédits,Éducation,1501,< 100 DM,>= 7 ans,2,Femme divorcée/mariée,Aucun,3,Voiture ou autre,34,Aucun,Propriétaire,2,Cadre/Indépendant/Dirigeant,1,Oui (à son nom),Oui,Mauvais client
Pas de compte,6,Compte critique / autres crédits,Radio/Télévision,1382,< 100 DM,1-4 ans,1,Femme divorcée/mariée,Aucun,1,Voiture ou autre,28,Aucun,Propriétaire,2,Qualifié/Employé/Fonctionnaire,1,Oui (à son nom),Oui,Bon client
0-200 DM,12,Crédits en cours remboursés,Meubles/Équipement,951,100-500 DM,< 1 an,4,Femme divorcée/mariée,Aucun,4,Voiture ou autre,27,Banque,Location,4,Qualifié/Employé/Fonctionnaire,1,Non,Oui,Mauvais client
0-200 DM,24,Crédits en cours remboursés,Voiture (occasion),2760,Pas d'épargne,>= 7 ans,4,Homme célibataire,Aucun,4,Aucun patrimoine,36,Banque,Gratuit,1,Qualifié/Employé/Fonctionnaire,1,Oui (à son nom),Oui,Bon client
0-200 DM,18,Retards de paiement passés,Meubles/Équipement,4297,< 100 DM,>= 7 ans,4,Homme divorcé/séparé,Aucun,3,Aucun patrimoine,40,Aucun,Propriétaire,1,Cadre/Indépendant/Dirigeant,1,Oui (à son nom),Oui,Mauvais client
Pas de compte,9,Compte critique / autres crédits,Éducation,936,500-1000 DM,>= 7 ans,4,Homme célibataire,Aucun,2,Voiture ou autre,52,Aucun,Propriétaire,2,Qualifié/Employé/Fonctionnaire,1,Oui (à son nom),Oui,Bon client
< 0 DM (découvert),12,Crédits en cours remboursés,Voiture (neuve),1168,< 100 DM,1-4 ans,4,Homme marié/veuf,Aucun,3,Immobilier,27,Aucun,Propriétaire,1,Non qualifié (résident),1,Non,Oui,Bon client
Pas de compte,27,Retards de paiement passés,Business,5117,< 100 DM,4-7 ans,3,Homme célibataire,Aucun,4,Voiture ou autre,26,Aucun,Propriétaire,2,Qualifié/Employé/Fonctionnaire,1,Non,Oui,Bon client
< 0 DM (découvert),12,Crédits en cours remboursés,Reconversion pro,902,< 100 DM,4-7 ans,4,Homme marié/veuf,Aucun,4,Épargne logement/Assurance vie,21,Aucun,Location,1,Qualifié/Employé/Fonctionnaire,1,Non,Oui,Mauvais client
Pas de compte,12,Compte critique / autres crédits,Voiture (neuve),1495,< 100 DM,>= 7 ans,4,Homme célibataire,Aucun,1,Immobilier,38,Aucun,Propriétaire,2,Non qualifié (résident),2,Non,Oui,Bon client
< 0 DM (découvert),30,Compte critique / autres crédits,Voiture (occasion),10623,< 100 DM,>= 7 ans,3,Homme célibataire,Aucun,4,Aucun patrimoine,38,Aucun,Gratuit,3,Cadre/Indépendant/Dirigeant,2,Oui (à son nom),Oui,Bon client
Pas de compte,12,Compte critique / autres crédits,Meubles/Équipement,1935,< 100 DM,>= 7 ans,4,Homme célibataire,Aucun,4,Immobilier,43,Aucun,Propriétaire,3,Qualifié/Employé/Fonctionnaire,1,Oui (à son nom),Oui,Bon client
0-200 DM,12,Compte critique / autres crédits,Électroménager,1424,< 100 DM,4-7 ans,4,Homme célibataire,Aucun,3,Épargne logement/Assurance vie,26,Aucun,Propriétaire,1,Qualifié/Employé/Fonctionnaire,1,Non,Oui,Bon client
< 0 DM (découvert),24,Crédits en cours remboursés,Business,6568,< 100 DM,1-4 ans,2,Homme marié/veuf,Aucun,2,Voiture ou autre,21,Magasins,Propriétaire,1,Non qualifié (résident),1,Non,Oui,Bon client
Pas de compte,12,Crédits en cours remboursés,Voiture (occasion),1413,>= 1000 DM,4-7 ans,3,Homme célibataire,Aucun,2,Épargne logement/Assurance vie,55,Aucun,Propriétaire,1,Qualifié/Employé/Fonctionnaire,1,Non,Non,Bon client
Pas de compte,9,Compte critique / autres crédits,Radio/Télévision,3074,Pas d'épargne,1-4 ans,1,Homme célibataire,Aucun,2,Immobilier,33,Aucun,Propriétaire,2,Qualifié/Employé/Fonctionnaire,2,Non,Oui,Bon client
Pas de compte,36,Crédits en cours remboursés,Radio/Télévision,3835,Pas d'épargne,>= 7 ans,2,Femme divorcée/mariée,Aucun,4,Immobilier,45,Aucun,Propriétaire,1,Non qualifié (résident),1,Oui (à son nom),Oui,Bon client
< 0 DM (découvert),27,Aucun crédit / tous remboursés,Business,5293,< 100 DM,Sans emploi,2,Homme célibataire,Aucun,4,Épargne logement/Assurance vie,50,Magasins,Propriétaire,2,Qualifié/Employé/Fonctionnaire,1,Oui (à son nom),Oui,Mauvais client
>= 200 DM,30,Retards de paiement passés,Business,1908,< 100 DM,>= 7 ans,4,Homme célibataire,Aucun,4,Immobilier,66,Aucun,Propriétaire,1,Cadre/Indépendant/Dirigeant,1,Oui (à son nom),Oui,Mauvais client
Pas de compte,36,Compte critique / autres crédits,Radio/Télévision,3342,Pas d'épargne,>= 7 ans,4,Homme célibataire,Aucun,2,Voiture ou autre,51,Aucun,Propriétaire,1,Qualifié/Employé/Fonctionnaire,1,Oui (à son nom),Oui,Bon client
0-200 DM,6,Compte critique / autres crédits,Reconversion pro,932,Pas d'épargne,4-7 ans,1,Femme divorcée/mariée,Aucun,3,Épargne logement/Assurance vie,39,Aucun,Propriétaire,2,Non qualifié (résident),1,Non,Oui,Bon client
< 0 DM (découvert),18,Aucun crédit / tous remboursés,Business,3104,< 100 DM,4-7 ans,3,Homme célibataire,Aucun,1,Épargne logement/Assurance vie,31,Banque,Propriétaire,1,Qualifié/Employé/Fonctionnaire,1,Oui (à son nom),Oui,Bon client
>= 200 DM,36,Crédits en cours remboursés,Radio/Télévision,3913,< 100 DM,1-4 ans,2,Homme célibataire,Aucun,2,Immobilier,23,Aucun,Propriétaire,1,Qualifié/Employé/Fonctionnaire,1,Oui (à son nom),Oui,Bon client
< 0 DM (découvert),24,Crédits en cours remboursés,Meubles/Équipement,3021,< 100 DM,1-4 ans,2,Homme divorcé/séparé,Aucun,2,Immobilier,24,Aucun,Location,1,Non qualifié (résident),1,Non,Oui,Bon client
Pas de compte,10,Crédits en cours remboursés,Voiture (neuve),1364,< 100 DM,1-4 ans,2,Femme divorcée/mariée,Aucun,4,Voiture ou autre,64,Aucun,Propriétaire,1,Qualifié/Employé/Fonctionnaire,1,Oui (à son nom),Oui,Bon client
0-200 DM,12,Crédits en cours remboursés,Radio/Télévision,625,< 100 DM,< 1 an,4,Homme marié/veuf,Garant,1,Immobilier,26,Banque,Propriétaire,1,Non qualifié (résident),1,Non,Oui,Bon client
< 0 DM (découvert),12,Crédits en cours remboursés,Éducation,1200,Pas d'épargne,1-4 ans,4,Femme divorcée/mariée,Aucun,4,Épargne logement/Assurance vie,23,Banque,Location,1,Qualifié/Employé/Fonctionnaire,1,Oui (à son nom),Oui,Bon client
Pas de compte,12,Crédits en cours remboursés,Radio/Télévision,707,< 100 DM,1-4 ans,4,Homme célibataire,Aucun,2,Immobilier,30,Banque,Propriétaire,2,Qualifié/Employé/Fonctionnaire,1,Non,Oui,Bon client
Pas de compte,24,Retards de paiement passés,Business,2978,Pas d'épargne,1-4 ans,4,Homme célibataire,Aucun,4,Immobilier,32,Aucun,Propriétaire,2,Qualifié/Employé/Fonctionnaire,2,Oui (à son nom),Oui,Bon client
Pas de compte,15,Crédits en cours remboursés,Voiture (occasion),4657,< 100 DM,1-4 ans,3,Homme célibataire,Aucun,2,Voiture ou autre,30,Aucun,Propriétaire,1,Qualifié/Employé/Fonctionnaire,1,Oui (à son nom),Oui,Bon client
Pas de compte,36,Aucun crédit / tous remboursés,Réparations,2613,< 100 DM,1-4 ans,4,Homme célibataire,Aucun,2,Voiture ou autre,27,Aucun,Propriétaire,2,Qualifié/Employé/Fonctionnaire,1,Non,Oui,Bon client
0-200 DM,48,Crédits en cours remboursés,Radio/Télévision,10961,>= 1000 DM,4-7 ans,1,Homme célibataire,Co-demandeur,2,Aucun patrimoine,27,Banque,Propriétaire,2,Qualifié/Employé/Fonctionnaire,1,Oui (à son nom),Oui,Mauvais client
< 0 DM (découvert),12,Crédits en cours remboursés,Meubles/Équipement,7865,< 100 DM,>= 7 ans,4,Homme célibataire,Aucun,4,Aucun patrimoine,53,Aucun,Gratuit,1,Cadre/Indépendant/Dirigeant,1,Oui (à son nom),Oui,Mauvais client
Pas de compte,9,Crédits en cours remboursés,Radio/Télévision,1478,< 100 DM,4-7 ans,4,Homme célibataire,Aucun,2,Voiture ou autre,22,Aucun,Propriétaire,1,Qualifié/Employé/Fonctionnaire,1,Non,Oui,Mauvais client
< 0 DM (découvert),24,Crédits en cours remboursés,Meubles/Équipement,3149,< 100 DM,< 1 an,4,Homme célibataire,Aucun,1,Aucun patrimoine,22,Banque,Gratuit,1,Qualifié/Employé/Fonctionnaire,1,Non,Oui,Bon client
>= 200 DM,36,Crédits en cours remboursés,Radio/Télévision,4210,< 100 DM,1-4 ans,4,Homme célibataire,Aucun,2,Voiture ou autre,26,Aucun,Propriétaire,1,Qualifié/Employé/Fonctionnaire,1,Non,Oui,Mauvais client
Pas de compte,9,Crédits en cours remboursés,Voiture (neuve),2507,500-1000 DM,>= 7 ans,2,Homme célibataire,Aucun,4,Aucun patrimoine,51,Aucun,Gratuit,1,Non qualifié (résident),1,Non,Oui,Bon client
Pas de compte,12,Crédits en cours remboursés,Radio/Télévision,2141,100-500 DM,4-7 ans,3,Homme célibataire,Aucun,1,Aucun patrimoine,35,Aucun,Propriétaire,1,Qualifié/Employé/Fonctionnaire,1,Non,Oui,Bon client
0-200 DM,18,Crédits en cours remboursés,Radio/Télévision,866,< 100 DM,1-4 ans,4,Homme marié/veuf,Garant,2,Immobilier,25,Aucun,Propriétaire,1,Non qualifié (résident),1,Non,Oui,Bon client
Pas de compte,4,Compte critique / autres crédits,Radio/Télévision,1544,< 100 DM,4-7 ans,2,Homme célibataire,Aucun,1,Immobilier,42,Aucun,Propriétaire,3,Non qualifié (résident),2,Non,Oui,Bon client
< 0 DM (découvert),24,Crédits en cours remboursés,Radio/Télévision,1823,< 100 DM,Sans emploi,4,Homme célibataire,Aucun,2,Voiture ou autre,30,Magasins,Propriétaire,1,Cadre/Indépendant/Dirigeant,2,Non,Oui,Mauvais client
0-200 DM,6,Crédits en cours remboursés,Voiture (neuve),14555,Pas d'épargne,Sans emploi,1,Homme célibataire,Aucun,2,Épargne logement/Assurance vie,23,Aucun,Propriétaire,1,Sans emploi/Non qualifié (non-résident),1,Oui (à son nom),Oui,Mauvais client
0-200 DM,21,Crédits en cours remboursés,Business,2767,100-500 DM,>= 7 ans,4,Homme divorcé/séparé,Aucun,2,Voiture ou autre,61,Banque,Location,2,Non qualifié (résident),1,Non,Oui,Mauvais client
Pas de compte,12,Compte critique / autres crédits,Radio/Télévision,1291,< 100 DM,1-4 ans,4,Femme divorcée/mariée,Aucun,2,Épargne logement/Assurance vie,35,Aucun,Propriétaire,2,Qualifié/Employé/Fonctionnaire,1,Non,Oui,Bon client
< 0 DM (découvert),30,Crédits en cours remboursés,Radio/Télévision,2522,< 100 DM,>= 7 ans,1,Homme célibataire,Garant,3,Épargne logement/Assurance vie,39,Aucun,Propriétaire,1,Qualifié/Employé/Fonctionnaire,2,Non,Oui,Bon client
< 0 DM (découvert),24,Crédits en cours remboursés,Voiture (neuve),915,Pas d'épargne,>= 7 ans,4,Femme divorcée/mariée,Aucun,2,Voiture ou autre,29,Banque,Propriétaire,1,Qualifié/Employé/Fonctionnaire,1,Non,Oui,Mauvais client
Pas de compte,6,Crédits en cours remboursés,Radio/Télévision,1595,< 100 DM,4-7 ans,3,Homme célibataire,Aucun,2,Épargne logement/Assurance vie,51,Aucun,Propriétaire,1,Qualifié/Employé/Fonctionnaire,2,Non,Oui,Bon client
< 0 DM (découvert),48,Aucun crédit / tous remboursés,Voiture (occasion),4605,< 100 DM,>= 7 ans,3,Homme célibataire,Aucun,4,Aucun patrimoine,24,Aucun,Gratuit,2,Qualifié/Employé/Fonctionnaire,2,Non,Oui,Mauvais client
Pas de compte,12,Compte critique / autres crédits,Business,1185,< 100 DM,1-4 ans,3,Femme divorcée/mariée,Aucun,2,Immobilier,27,Aucun,Propriétaire,2,Qualifié/Employé/Fonctionnaire,1,Non,Oui,Bon client
Pas de compte,12,Tous crédits remboursés ici,Reconversion pro,3447,500-1000 DM,1-4 ans,4,Femme divorcée/mariée,Aucun,3,Immobilier,35,Aucun,Propriétaire,1,Non qualifié (résident),2,Non,Oui,Bon client
Pas de compte,24,Crédits en cours remboursés,Business,1258,< 100 DM,4-7 ans,4,Homme célibataire,Aucun,1,Immobilier,25,Aucun,Propriétaire,1,Qualifié/Employé/Fonctionnaire,1,Oui (à son nom),Oui,Bon client
Pas de compte,12,Compte critique / autres crédits,Radio/Télévision,717,< 100 DM,>= 7 ans,4,Homme célibataire,Aucun,4,Immobilier,52,Aucun,Propriétaire,3,Qualifié/Employé/Fonctionnaire,1,Non,Oui,Bon client
Pas de compte,6,Aucun crédit / tous remboursés,Voiture (neuve),1204,100-500 DM,1-4 ans,4,Homme célibataire,Aucun,1,Aucun patrimoine,35,Banque,Location,1,Qualifié/Employé/Fonctionnaire,1,Non,Non,Bon client
>= 200 DM,24,Crédits en cours remboursés,Meubles/Équipement,1925,< 100 DM,1-4 ans,2,Homme célibataire,Aucun,2,Immobilier,26,Aucun,Propriétaire,1,Qualifié/Employé/Fonctionnaire,1,Non,Oui,Bon client
Pas de compte,18,Crédits en cours remboursés,Radio/Télévision,433,< 100 DM,Sans emploi,3,Femme divorcée/mariée,Co-demandeur,4,Immobilier,22,Aucun,Location,1,Qualifié/Employé/Fonctionnaire,1,Non,Oui,Mauvais client
< 0 DM (découvert),6,Compte critique / autres crédits,Voiture (neuve),666,>= 1000 DM,4-7 ans,3,Femme divorcée/mariée,Aucun,4,Immobilier,39,Aucun,Propriétaire,2,Non qualifié (résident),1,Oui (à son nom),Oui,Bon client
>= 200 DM,12,Crédits en cours remboursés,Meubles/Équipement,2251,< 100 DM,1-4 ans,1,Femme divorcée/mariée,Aucun,2,Voiture ou autre,46,Aucun,Propriétaire,1,Non qualifié (résident),1,Non,Oui,Bon client
0-200 DM,30,Crédits en cours remboursés,Voiture (neuve),2150,< 100 DM,1-4 ans,4,Femme divorcée/mariée,Garant,2,Aucun patrimoine,24,Banque,Propriétaire,1,Qualifié/Employé/Fonctionnaire,1,Non,Oui,Mauvais client
Pas de compte,24,Retards de paiement passés,Meubles/Équipement,4151,100-500 DM,1-4 ans,2,Homme célibataire,Aucun,3,Épargne logement/Assurance vie,35,Aucun,Propriétaire,2,Qualifié/Employé/Fonctionnaire,1,Non,Oui,Bon client
0-200 DM,9,Crédits en cours remboursés,Meubles/Équipement,2030,Pas d'épargne,4-7 ans,2,Homme célibataire,Aucun,1,Voiture ou autre,24,Aucun,Propriétaire,1,Qualifié/Employé/Fonctionnaire,1,Oui (à son nom),Oui,Bon client
0-200 DM,60,Retards de paiement passés,Radio/Télévision,7418,Pas d'épargne,1-4 ans,1,Homme célibataire,Aucun,1,Immobilier,27,Aucun,Propriétaire,1,Non qualifié (résident),1,Non,Oui,Bon client
Pas de compte,24,Compte critique / autres crédits,Radio/Télévision,2684,< 100 DM,1-4 ans,4,Homme célibataire,Aucun,2,Immobilier,35,Aucun,Propriétaire,2,Non qualifié (résident),1,Non,Oui,Bon client
< 0 DM (découvert),12,Tous crédits remboursés ici,Radio/Télévision,2149,< 100 DM,1-4 ans,4,Homme divorcé/séparé,Aucun,1,Aucun patrimoine,29,Aucun,Gratuit,1,Qualifié/Employé/Fonctionnaire,1,Non,Oui,Mauvais client
Pas de compte,15,Crédits en cours remboursés,Voiture (occasion),3812,100-500 DM,< 1 an,1,Femme divorcée/mariée,Aucun,4,Voiture ou autre,23,Aucun,Propriétaire,1,Qualifié/Employé/Fonctionnaire,1,Oui (à son nom),Oui,Bon client
Pas de compte,11,Compte critique / autres crédits,Radio/Télévision,1154,100-500 DM,Sans emploi,4,Femme divorcée/mariée,Aucun,4,Immobilier,57,Aucun,Propriétaire,3,Non qualifié (résident),1,Non,Oui,Bon client
< 0 DM (découvert),12,Crédits en cours remboursés,Meubles/Équipement,1657,< 100 DM,1-4 ans,2,Homme célibataire,Aucun,2,Immobilier,27,Aucun,Propriétaire,1,Qualifié/Employé/Fonctionnaire,1,Non,Oui,Bon client
< 0 DM (découvert),24,Crédits en cours remboursés,Radio/Télévision,1603,< 100 DM,>= 7 ans,4,Femme divorcée/mariée,Aucun,4,Voiture ou autre,55,Aucun,Propriétaire,1,Qualifié/Employé/Fonctionnaire,1,Non,Oui,Bon client
< 0 DM (découvert),18,Compte critique / autres crédits,Voiture (neuve),5302,< 100 DM,>= 7 ans,2,Homme célibataire,Aucun,4,Aucun patrimoine,36,Aucun,Gratuit,3,Cadre/Indépendant/Dirigeant,1,Oui (à son nom),Oui,Bon client
Pas de compte,12,Compte critique / autres crédits,Éducation,2748,< 100 DM,>= 7 ans,2,Femme divorcée/mariée,Aucun,4,Aucun patrimoine,57,Banque,Gratuit,3,Non qualifié (résident),1,Non,Oui,Bon client
Pas de compte,10,Compte critique / autres crédits,Voiture (neuve),1231,< 100 DM,>= 7 ans,3,Homme célibataire,Aucun,4,Immobilier,32,Aucun,Propriétaire,2,Non qualifié (résident),2,Non,Non,Bon client
0-200 DM,15,Crédits en cours remboursés,Radio/Télévision,802,< 100 DM,>= 7 ans,4,Homme célibataire,Aucun,3,Voiture ou autre,37,Aucun,Propriétaire,1,Qualifié/Employé/Fonctionnaire,2,Non,Oui,Mauvais client
Pas de compte,36,Compte critique / autres crédits,Business,6304,Pas d'épargne,>= 7 ans,4,Homme célibataire,Aucun,4,Immobilier,36,Aucun,Propriétaire,2,Qualifié/Employé/Fonctionnaire,1,Non,Oui,Bon client
Pas de compte,24,Crédits en cours remboursés,Radio/Télévision,1533,< 100 DM,< 1 an,4,Femme divorcée/mariée,Aucun,3,Voiture ou autre,38,Magasins,Propriétaire,1,Qualifié/Employé/Fonctionnaire,1,Oui (à son nom),Oui,Bon client
< 0 DM (découvert),14,Crédits en cours remboursés,Voiture (neuve),8978,< 100 DM,>= 7 ans,1,Homme divorcé/séparé,Aucun,4,Épargne logement/Assurance vie,45,Aucun,Propriétaire,1,Cadre/Indépendant/Dirigeant,1,Oui (à son nom),Non,Mauvais client
Pas de compte,24,Crédits en cours remboursés,Radio/Télévision,999,Pas d'épargne,>= 7 ans,4,Homme célibataire,Aucun,2,Voiture ou autre,25,Aucun,Propriétaire,2,Qualifié/Employé/Fonctionnaire,1,Non,Oui,Bon client
Pas de compte,18,Crédits en cours remboursés,Voiture (neuve),2662,Pas d'épargne,4-7 ans,4,Homme célibataire,Aucun,3,Épargne logement/Assurance vie,32,Aucun,Propriétaire,1,Qualifié/Employé/Fonctionnaire,1,Non,Non,Bon client
Pas de compte,12,Compte critique / autres crédits,Meubles/Équipement,1402,500-1000 DM,4-7 ans,3,Femme divorcée/mariée,Aucun,4,Voiture ou autre,37,Aucun,Location,1,Qualifié/Employé/Fonctionnaire,1,Oui (à son nom),Oui,Bon client
0-200 DM,48,Tous crédits remboursés ici,Voiture (neuve),12169,Pas d'épargne,Sans emploi,4,Homme célibataire,Co-demandeur,4,Aucun patrimoine,36,Aucun,Gratuit,1,Cadre/Indépendant/Dirigeant,1,Oui (à son nom),Oui,Bon client
0-200 DM,48,Crédits en cours remboursés,Radio/Télévision,3060,< 100 DM,4-7 ans,4,Homme célibataire,Aucun,4,Immobilier,28,Aucun,Propriétaire,2,Qualifié/Employé/Fonctionnaire,1,Non,Oui,Mauvais client
< 0 DM (découvert),30,Crédits en cours remboursés,Réparations,11998,< 100 DM,< 1 an,1,Homme divorcé/séparé,Aucun,1,Aucun patrimoine,34,Aucun,Propriétaire,1,Non qualifié (résident),1,Oui (à son nom),Oui,Mauvais client
Pas de compte,9,Crédits en cours remboursés,Radio/Télévision,2697,< 100 DM,1-4 ans,1,Homme célibataire,Aucun,2,Immobilier,32,Aucun,Propriétaire,1,Qualifié/Employé/Fonctionnaire,2,Non,Oui,Bon client
Pas de compte,18,Compte critique / autres crédits,Radio/Télévision,2404,< 100 DM,1-4 ans,2,Femme divorcée/mariée,Aucun,2,Voiture ou autre,26,Aucun,Propriétaire,2,Qualifié/Employé/Fonctionnaire,1,Non,Oui,Bon client
< 0 DM (découvert),12,Crédits en cours remboursés,Meubles/Équipement,1262,Pas d'épargne,>= 7 ans,2,Homme divorcé/séparé,Aucun,4,Épargne logement/Assurance vie,49,Aucun,Propriétaire,1,Non qualifié (résident),1,Oui (à son nom),Oui,Bon client
Pas de compte,6,Crédits en cours remboursés,Meubles/Équipement,4611,< 100 DM,< 1 an,1,Femme divorcée/mariée,Aucun,4,Épargne logement/Assurance vie,32,Aucun,Propriétaire,1,Qualifié/Employé/Fonctionnaire,1,Non,Oui,Mauvais client
Pas de compte,24,Crédits en cours remboursés,Radio/Télévision,1901,100-500 DM,1-4 ans,4,Homme célibataire,Aucun,4,Voiture ou autre,29,Aucun,Location,1,Cadre/Indépendant/Dirigeant,1,Oui (à son nom),Oui,Bon client
Pas de compte,15,Compte critique / autres crédits,Voiture (occasion),3368,>= 1000 DM,>= 7 ans,3,Homme célibataire,Aucun,4,Aucun patrimoine,23,Aucun,Location,2,Qualifié/Employé/Fonctionnaire,1,Oui (à son nom),Oui,Bon client
Pas de compte,12,Crédits en cours remboursés,Meubles/Équipement,1574,< 100 DM,1-4 ans,4,Homme célibataire,Aucun,2,Immobilier,50,Aucun,Propriétaire,1,Qualifié/Employé/Fonctionnaire,1,Non,Oui,Bon client
>= 200 DM,18,Tous crédits remboursés ici,Radio/Télévision,1445,Pas d'épargne,4-7 ans,4,Homme célibataire,Aucun,4,Voiture ou autre,49,Banque,Propriétaire,1,Non qualifié (résident),1,Non,Oui,Bon client
Pas de compte,15,Compte critique / autres crédits,Meubles/Équipement,1520,Pas d'épargne,>= 7 ans,4,Homme célibataire,Aucun,4,Épargne logement/Assurance vie,63,Aucun,Propriétaire,1,Qualifié/Employé/Fonctionnaire,1,Non,Oui,Bon client
0-200 DM,24,Compte critique / autres crédits,Voiture (neuve),3878,100-500 DM,< 1 an,4,Homme divorcé/séparé,Aucun,2,Voiture ou autre,37,Aucun,Propriétaire,1,Qualifié/Employé/Fonctionnaire,1,Oui (à son nom),Oui,Bon client
< 0 DM (découvert),47,Crédits en cours remboursés,Voiture (neuve),10722,< 100 DM,< 1 an,1,Femme divorcée/mariée,Aucun,1,Immobilier,35,Aucun,Propriétaire,1,Non qualifié (résident),1,Oui (à son nom),Oui,Bon client
< 0 DM (découvert),48,Crédits en cours remboursés,Voiture (occasion),4788,< 100 DM,4-7 ans,4,Homme célibataire,Aucun,3,Épargne logement/Assurance vie,26,Aucun,Propriétaire,1,Qualifié/Employé/Fonctionnaire,2,Non,Oui,Bon client
0-200 DM,48,Retards de paiement passés,Autres,7582,100-500 DM,Sans emploi,2,Homme célibataire,Aucun,4,Aucun patrimoine,31,Aucun,Gratuit,1,Cadre/Indépendant/Dirigeant,1,Oui (à son nom),Oui,Bon client
0-200 DM,12,Crédits en cours remboursés,Radio/Télévision,1092,< 100 DM,1-4 ans,4,Femme divorcée/mariée,Garant,4,Immobilier,49,Aucun,Propriétaire,2,Qualifié/Employé/Fonctionnaire,1,Oui (à son nom),Oui,Bon client
< 0 DM (découvert),24,Retards de paiement passés,Radio/Télévision,1024,< 100 DM,< 1 an,4,Homme marié/veuf,Aucun,4,Immobilier,48,Magasins,Propriétaire,1,Qualifié/Employé/Fonctionnaire,1,Non,Oui,Mauvais client
Pas de compte,12,Crédits en cours remboursés,Business,1076,< 100 DM,1-4 ans,2,Homme marié/veuf,Aucun,2,Immobilier,26,Aucun,Propriétaire,1,Qualifié/Employé/Fonctionnaire,1,Oui (à son nom),Non,Bon client
0-200 DM,36,Crédits en cours remboursés,Voiture (occasion),9398,< 100 DM,< 1 an,1,Homme marié/veuf,Aucun,4,Voiture ou autre,28,Aucun,Location,1,Cadre/Indépendant/Dirigeant,1,Oui (à son nom),Oui,Mauvais client
< 0 DM (découvert),24,Compte critique / autres crédits,Voiture (occasion),6419,< 100 DM,>= 7 ans,2,Femme divorcée/mariée,Aucun,4,Aucun patrimoine,44,Aucun,Gratuit,2,Cadre/Indépendant/Dirigeant,2,Oui (à son nom),Oui,Bon client
>= 200 DM,42,Compte critique / autres crédits,Voiture (occasion),4796,< 100 DM,>= 7 ans,4,Homme célibataire,Aucun,4,Aucun patrimoine,56,Aucun,Gratuit,1,Qualifié/Employé/Fonctionnaire,1,Non,Oui,Bon client
Pas de compte,48,Compte critique / autres crédits,Business,7629,Pas d'épargne,>= 7 ans,4,Homme divorcé/séparé,Aucun,2,Voiture ou autre,46,Banque,Propriétaire,2,Cadre/Indépendant/Dirigeant,2,Non,Oui,Bon client
0-200 DM,48,Crédits en cours remboursés,Meubles/Équipement,9960,< 100 DM,< 1 an,1,Femme divorcée/mariée,Aucun,2,Voiture ou autre,26,Aucun,Propriétaire,1,Qualifié/Employé/Fonctionnaire,1,Oui (à son nom),Oui,Mauvais client
Pas de compte,12,Crédits en cours remboursés,Voiture (occasion),4675,Pas d'épargne,< 1 an,1,Femme divorcée/mariée,Aucun,4,Voiture ou autre,20,Aucun,Location,1,Qualifié/Employé/Fonctionnaire,1,Non,Oui,Bon client
Pas de compte,10,Crédits en cours remboursés,Voiture (neuve),1287,Pas d'épargne,>= 7 ans,4,Homme célibataire,Co-demandeur,2,Épargne logement/Assurance vie,45,Aucun,Propriétaire,1,Non qualifié (résident),1,Non,Non,Bon client
Pas de compte,18,Crédits en cours remboursés,Meubles/Équipement,2515,< 100 DM,1-4 ans,3,Homme célibataire,Aucun,4,Immobilier,43,Aucun,Propriétaire,1,Qualifié/Employé/Fonctionnaire,1,Oui (à son nom),Oui,Bon client
0-200 DM,21,Compte critique / autres crédits,Meubles/Équipement,2745,>= 1000 DM,4-7 ans,3,Homme célibataire,Aucun,2,Voiture ou autre,32,Aucun,Propriétaire,2,Qualifié/Employé/Fonctionnaire,1,Oui (à son nom),Oui,Bon client
Pas de compte,6,Crédits en cours remboursés,Voiture (neuve),672,< 100 DM,Sans emploi,1,Femme divorcée/mariée,Aucun,4,Immobilier,54,Aucun,Propriétaire,1,Sans emploi/Non qualifié (non-résident),1,Oui (à son nom),Oui,Bon client
0-200 DM,36,Aucun crédit / tous remboursés,Radio/Télévision,3804,< 100 DM,1-4 ans,4,Femme divorcée/mariée,Aucun,1,Voiture ou autre,42,Aucun,Propriétaire,1,Qualifié/Employé/Fonctionnaire,1,Oui (à son nom),Oui,Mauvais client
>= 200 DM,24,Compte critique / autres crédits,Voiture (neuve),1344,Pas d'épargne,4-7 ans,4,Homme célibataire,Aucun,2,Immobilier,37,Banque,Propriétaire,2,Non qualifié (résident),2,Non,Oui,Mauvais client
< 0 DM (découvert),10,Compte critique / autres crédits,Voiture (neuve),1038,< 100 DM,4-7 ans,4,Homme célibataire,Co-demandeur,3,Épargne logement/Assurance vie,49,Aucun,Propriétaire,2,Qualifié/Employé/Fonctionnaire,1,Oui (à son nom),Oui,Bon client
Pas de compte,48,Compte critique / autres crédits,Voiture (neuve),10127,500-1000 DM,1-4 ans,2,Homme célibataire,Aucun,2,Aucun patrimoine,44,Banque,Gratuit,1,Qualifié/Employé/Fonctionnaire,1,Non,Oui,Mauvais client
Pas de compte,6,Crédits en cours remboursés,Meubles/Équipement,1543,>= 1000 DM,1-4 ans,4,Homme divorcé/séparé,Aucun,2,Immobilier,33,Aucun,Propriétaire,1,Qualifié/Employé/Fonctionnaire,1,Non,Oui,Bon client
Pas de compte,30,Crédits en cours remboursés,Voiture (occasion),4811,Pas d'épargne,4-7 ans,2,Femme divorcée/mariée,Aucun,4,Épargne logement/Assurance vie,24,Magasins,Location,1,Non qualifié (résident),1,Non,Oui,Bon client
< 0 DM (découvert),12,Crédits en cours remboursés,Radio/Télévision,727,100-500 DM,< 1 an,4,Homme marié/veuf,Aucun,3,Aucun patrimoine,33,Aucun,Propriétaire,1,Non qualifié (résident),1,Oui (à son nom),Oui,Mauvais client
0-200 DM,8,Crédits en cours remboursés,Meubles/Équipement,1237,< 100 DM,1-4 ans,3,Femme divorcée/mariée,Aucun,4,Immobilier,24,Aucun,Propriétaire,1,Qualifié/Employé/Fonctionnaire,1,Non,Oui,Mauvais client
0-200 DM,9,Crédits en cours remboursés,Voiture (neuve),276,< 100 DM,1-4 ans,4,Homme marié/veuf,Aucun,4,Immobilier,22,Aucun,Location,1,Non qualifié (résident),1,Non,Oui,Bon client
0-200 DM,48,Crédits en cours remboursés,Autres,5381,Pas d'épargne,Sans emploi,3,Homme célibataire,Aucun,4,Aucun patrimoine,40,Banque,Gratuit,1,Sans emploi/Non qualifié (non-résident),1,Oui (à son nom),Oui,Bon client
Pas de compte,24,Crédits en cours remboursés,Meubles/Équipement,5511,100-500 DM,1-4 ans,4,Homme célibataire,Aucun,1,Voiture ou autre,25,Magasins,Propriétaire,1,Qualifié/Employé/Fonctionnaire,1,Non,Oui,Bon client
>= 200 DM,24,Crédits en cours remboursés,Meubles/Équipement,3749,< 100 DM,< 1 an,2,Femme divorcée/mariée,Aucun,4,Voiture ou autre,26,Aucun,Propriétaire,1,Qualifié/Employé/Fonctionnaire,1,Non,Oui,Bon client
0-200 DM,12,Crédits en cours remboursés,Voiture (neuve),685,< 100 DM,4-7 ans,2,Homme marié/veuf,Aucun,3,Voiture ou autre,25,Banque,Propriétaire,1,Non qualifié (résident),1,Non,Oui,Mauvais client
>= 200 DM,4,Crédits en cours remboursés,Voiture (neuve),1494,Pas d'épargne,< 1 an,1,Homme célibataire,Aucun,2,Immobilier,29,Aucun,Propriétaire,1,Non qualifié (résident),2,Non,Non,Bon client
< 0 DM (découvert),36,Tous crédits remboursés ici,Meubles/Équipement,2746,< 100 DM,>= 7 ans,4,Homme célibataire,Aucun,4,Voiture ou autre,31,Banque,Propriétaire,1,Qualifié/Employé/Fonctionnaire,1,Non,Oui,Mauvais client
< 0 DM (découvert),12,Crédits en cours remboursés,Meubles/Équipement,708,< 100 DM,1-4 ans,2,Homme célibataire,Garant,3,Épargne logement/Assurance vie,38,Aucun,Propriétaire,1,Non qualifié (résident),2,Non,Oui,Bon client
0-200 DM,24,Crédits en cours remboursés,Meubles/Équipement,4351,Pas d'épargne,1-4 ans,1,Femme divorcée/mariée,Aucun,4,Épargne logement/Assurance vie,48,Aucun,Propriétaire,1,Non qualifié (résident),1,Oui (à son nom),Oui,Bon client
Pas de compte,12,Compte critique / autres crédits,Éducation,701,< 100 DM,1-4 ans,4,Homme célibataire,Aucun,2,Voiture ou autre,32,Aucun,Propriétaire,2,Qualifié/Employé/Fonctionnaire,1,Non,Oui,Bon client
< 0 DM (découvert),15,Retards de paiement passés,Meubles/Équipement,3643,< 100 DM,>= 7 ans,1,Femme divorcée/mariée,Aucun,4,Épargne logement/Assurance vie,27,Aucun,Propriétaire,2,Non qualifié (résident),1,Non,Oui,Bon client
0-200 DM,30,Compte critique / autres crédits,Voiture (neuve),4249,< 100 DM,Sans emploi,4,Homme marié/veuf,Aucun,2,Voiture ou autre,28,Aucun,Propriétaire,2,Cadre/Indépendant/Dirigeant,1,Non,Oui,Mauvais client
< 0 DM (découvert),24,Crédits en cours remboursés,Radio/Télévision,1938,< 100 DM,< 1 an,4,Homme divorcé/séparé,Aucun,3,Épargne logement/Assurance vie,32,Aucun,Propriétaire,1,Qualifié/Employé/Fonctionnaire,1,Non,Oui,Mauvais client
< 0 DM (découvert),24,Crédits en cours remboursés,Voiture (occasion),2910,< 100 DM,4-7 ans,2,Homme célibataire,Aucun,1,Aucun patrimoine,34,Aucun,Gratuit,1,Cadre/Indépendant/Dirigeant,1,Oui (à son nom),Oui,Bon client
< 0 DM (découvert),18,Crédits en cours remboursés,Meubles/Équipement,2659,>= 1000 DM,1-4 ans,4,Homme célibataire,Aucun,2,Voiture ou autre,28,Aucun,Propriétaire,1,Qualifié/Employé/Fonctionnaire,1,Non,Oui,Bon client
Pas de compte,18,Compte critique / autres crédits,Voiture (neuve),1028,< 100 DM,1-4 ans,4,Femme divorcée/mariée,Aucun,3,Immobilier,36,Aucun,Propriétaire,2,Qualifié/Employé/Fonctionnaire,1,Non,Oui,Bon client
< 0 DM (découvert),8,Compte critique / autres crédits,Voiture (neuve),3398,< 100 DM,4-7 ans,1,Homme célibataire,Aucun,4,Immobilier,39,Aucun,Propriétaire,2,Non qualifié (résident),1,Non,Non,Bon client
Pas de compte,12,Compte critique / autres crédits,Meubles/Équipement,5801,Pas d'épargne,>= 7 ans,2,Homme célibataire,Aucun,4,Épargne logement/Assurance vie,49,Aucun,Location,1,Qualifié/Employé/Fonctionnaire,1,Oui (à son nom),Oui,Bon client
Pas de compte,24,Crédits en cours remboursés,Voiture (neuve),1525,>= 1000 DM,4-7 ans,4,Femme divorcée/mariée,Aucun,3,Voiture ou autre,34,Aucun,Propriétaire,1,Qualifié/Employé/Fonctionnaire,2,Oui (à son nom),Oui,Bon client
>= 200 DM,36,Crédits en cours remboursés,Radio/Télévision,4473,< 100 DM,>= 7 ans,4,Homme célibataire,Aucun,2,Voiture ou autre,31,Aucun,Propriétaire,1,Qualifié/Employé/Fonctionnaire,1,Non,Oui,Bon client
0-200 DM,6,Crédits en cours remboursés,Radio/Télévision,1068,< 100 DM,>= 7 ans,4,Homme célibataire,Aucun,4,Voiture ou autre,28,Aucun,Propriétaire,1,Qualifié/Employé/Fonctionnaire,2,Non,Oui,Bon client
< 0 DM (découvert),24,Compte critique / autres crédits,Voiture (occasion),6615,< 100 DM,Sans emploi,2,Homme célibataire,Aucun,4,Aucun patrimoine,75,Aucun,Gratuit,2,Cadre/Indépendant/Dirigeant,1,Oui (à son nom),Oui,Bon client
Pas de compte,18,Compte critique / autres crédits,Éducation,1864,100-500 DM,1-4 ans,4,Femme divorcée/mariée,Aucun,2,Immobilier,30,Aucun,Propriétaire,2,Qualifié/Employé/Fonctionnaire,1,Non,Oui,Mauvais client
0-200 DM,60,Crédits en cours remboursés,Voiture (neuve),7408,100-500 DM,< 1 an,4,Femme divorcée/mariée,Aucun,2,Épargne logement/Assurance vie,24,Aucun,Propriétaire,1,Cadre/Indépendant/Dirigeant,1,Non,Oui,Mauvais client
Pas de compte,48,Compte critique / autres crédits,Voiture (occasion),11590,100-500 DM,1-4 ans,2,Femme divorcée/mariée,Aucun,4,Voiture ou autre,24,Banque,Location,2,Non qualifié (résident),1,Non,Oui,Mauvais client
< 0 DM (découvert),24,Aucun crédit / tous remboursés,Meubles/Équipement,4110,< 100 DM,>= 7 ans,3,Homme célibataire,Aucun,4,Aucun patrimoine,23,Banque,Location,2,Qualifié/Employé/Fonctionnaire,2,Non,Oui,Mauvais client
< 0 DM (découvert),6,Compte critique / autres crédits,Meubles/Équipement,3384,< 100 DM,1-4 ans,1,Homme divorcé/séparé,Aucun,4,Immobilier,44,Aucun,Location,1,Cadre/Indépendant/Dirigeant,1,Oui (à son nom),Oui,Mauvais client
0-200 DM,13,Crédits en cours remboursés,Radio/Télévision,2101,< 100 DM,< 1 an,2,Femme divorcée/mariée,Garant,4,Épargne logement/Assurance vie,23,Aucun,Propriétaire,1,Non qualifié (résident),1,Non,Oui,Bon client
< 0 DM (découvert),15,Crédits en cours remboursés,Électroménager,1275,Pas d'épargne,1-4 ans,4,Femme divorcée/mariée,Aucun,2,Voiture ou autre,24,Aucun,Location,1,Qualifié/Employé/Fonctionnaire,1,Non,Oui,Mauvais client
< 0 DM (découvert),24,Crédits en cours remboursés,Meubles/Équipement,4169,< 100 DM,1-4 ans,4,Homme célibataire,Aucun,4,Épargne logement/Assurance vie,28,Aucun,Propriétaire,1,Qualifié/Employé/Fonctionnaire,1,Non,Oui,Bon client
0-200 DM,10,Crédits en cours remboursés,Meubles/Équipement,1521,< 100 DM,1-4 ans,4,Homme divorcé/séparé,Aucun,2,Voiture ou autre,31,Aucun,Propriétaire,1,Non qualifié (résident),1,Non,Oui,Bon client
0-200 DM,24,Compte critique / autres crédits,Éducation,5743,< 100 DM,< 1 an,2,Femme divorcée/mariée,Aucun,4,Aucun patrimoine,24,Aucun,Gratuit,2,Qualifié/Employé/Fonctionnaire,1,Oui (à son nom),Oui,Bon client
< 0 DM (découvert),21,Crédits en cours remboursés,Meubles/Équipement,3599,< 100 DM,4-7 ans,1,Femme divorcée/mariée,Aucun,4,Voiture ou autre,26,Aucun,Location,1,Non qualifié (résident),1,Non,Oui,Bon client
0-200 DM,18,Crédits en cours remboursés,Radio/Télévision,3213,500-1000 DM,< 1 an,1,Homme marié/veuf,Aucun,3,Immobilier,25,Aucun,Location,1,Qualifié/Employé/Fonctionnaire,1,Non,Oui,Bon client
0-200 DM,18,Crédits en cours remboursés,Business,4439,< 100 DM,>= 7 ans,1,Homme célibataire,Co-demandeur,1,Immobilier,33,Banque,Propriétaire,1,Cadre/Indépendant/Dirigeant,1,Oui (à son nom),Oui,Bon client
>= 200 DM,10,Crédits en cours remboursés,Voiture (neuve),3949,< 100 DM,< 1 an,1,Homme célibataire,Garant,1,Épargne logement/Assurance vie,37,Aucun,Propriétaire,1,Non qualifié (résident),2,Non,Oui,Bon client
Pas de compte,15,Compte critique / autres crédits,Radio/Télévision,1459,< 100 DM,1-4 ans,4,Femme divorcée/mariée,Aucun,2,Voiture ou autre,43,Aucun,Propriétaire,1,Non qualifié (résident),1,Non,Oui,Bon client
0-200 DM,13,Compte critique / autres crédits,Radio/Télévision,882,< 100 DM,< 1 an,4,Homme célibataire,Garant,4,Immobilier,23,Aucun,Propriétaire,2,Qualifié/Employé/Fonctionnaire,1,Non,Oui,Bon client
0-200 DM,24,Crédits en cours remboursés,Radio/Télévision,3758,500-1000 DM,Sans emploi,1,Femme divorcée/mariée,Aucun,4,Aucun patrimoine,23,Aucun,Location,1,Sans emploi/Non qualifié (non-résident),1,Non,Oui,Bon client
Pas de compte,6,Retards de paiement passés,Business,1743,100-500 DM,1-4 ans,1,Homme célibataire,Aucun,2,Immobilier,34,Aucun,Propriétaire,2,Non qualifié (résident),1,Non,Oui,Bon client
0-200 DM,9,Compte critique / autres crédits,Éducation,1136,>= 1000 DM,>= 7 ans,4,Homme célibataire,Aucun,3,Aucun patrimoine,32,Aucun,Gratuit,2,Qualifié/Employé/Fonctionnaire,2,Non,Oui,Mauvais client
Pas de compte,9,Crédits en cours remboursés,Électroménager,1236,< 100 DM,< 1 an,1,Femme divorcée/mariée,Aucun,4,Immobilier,23,Aucun,Location,1,Qualifié/Employé/Fonctionnaire,1,Oui (à son nom),Oui,Bon client
0-200 DM,9,Crédits en cours remboursés,Meubles/Équipement,959,< 100 DM,1-4 ans,1,Femme divorcée/mariée,Aucun,2,Voiture ou autre,29,Aucun,Propriétaire,1,Qualifié/Employé/Fonctionnaire,1,Non,Non,Mauvais client
Pas de compte,18,Compte critique / autres crédits,Voiture (occasion),3229,Pas d'épargne,Sans emploi,2,Homme célibataire,Aucun,4,Aucun patrimoine,38,Aucun,Propriétaire,1,Cadre/Indépendant/Dirigeant,1,Oui (à son nom),Oui,Bon client
< 0 DM (découvert),12,Aucun crédit / tous remboursés,Radio/Télévision,6199,< 100 DM,1-4 ans,4,Homme célibataire,Aucun,2,Épargne logement/Assurance vie,28,Aucun,Location,2,Qualifié/Employé/Fonctionnaire,1,Oui (à son nom),Oui,Mauvais client
Pas de compte,10,Crédits en cours remboursés,Éducation,727,500-1000 DM,>= 7 ans,4,Homme célibataire,Aucun,4,Aucun patrimoine,46,Aucun,Gratuit,1,Qualifié/Employé/Fonctionnaire,1,Oui (à son nom),Oui,Bon client
0-200 DM,24,Crédits en cours remboursés,Voiture (neuve),1246,< 100 DM,< 1 an,4,Homme célibataire,Aucun,2,Immobilier,23,Magasins,Propriétaire,1,Non qualifié (résident),1,Non,Oui,Mauvais client
Pas de compte,12,Compte critique / autres crédits,Radio/Télévision,2331,Pas d'épargne,>= 7 ans,1,Homme célibataire,Co-demandeur,4,Immobilier,49,Aucun,Propriétaire,1,Qualifié/Employé/Fonctionnaire,1,Oui (à son nom),Oui,Bon client
Pas de compte,36,Retards de paiement passés,Radio/Télévision,4463,< 100 DM,1-4 ans,4,Homme célibataire,Aucun,2,Voiture ou autre,26,Aucun,Propriétaire,2,Cadre/Indépendant/Dirigeant,1,Oui (à son nom),Oui,Mauvais client
Pas de compte,12,Crédits en cours remboursés,Radio/Télévision,776,< 100 DM,1-4 ans,4,Homme marié/veuf,Aucun,2,Immobilier,28,Aucun,Propriétaire,1,Qualifié/Employé/Fonctionnaire,1,Non,Oui,Bon client
< 0 DM (découvert),30,Crédits en cours remboursés,Meubles/Équipement,2406,< 100 DM,4-7 ans,4,Femme divorcée/mariée,Aucun,4,Immobilier,23,Aucun,Location,1,Qualifié/Employé/Fonctionnaire,1,Non,Oui,Mauvais client
0-200 DM,18,Crédits en cours remboursés,Éducation,1239,Pas d'épargne,1-4 ans,4,Homme célibataire,Aucun,4,Aucun patrimoine,61,Aucun,Gratuit,1,Qualifié/Employé/Fonctionnaire,1,Non,Oui,Bon client
>= 200 DM,12,Crédits en cours remboursés,Radio/Télévision,3399,Pas d'épargne,>= 7 ans,2,Homme célibataire,Aucun,3,Voiture ou autre,37,Aucun,Propriétaire,1,Cadre/Indépendant/Dirigeant,1,Non,Oui,Bon client
>= 200 DM,12,Retards de paiement passés,Voiture (neuve),2247,< 100 DM,1-4 ans,2,Femme divorcée/mariée,Aucun,2,Voiture ou autre,36,Magasins,Propriétaire,2,Qualifié/Employé/Fonctionnaire,1,Oui (à son nom),Oui,Bon client
Pas de compte,6,Crédits en cours remboursés,Meubles/Équipement,1766,< 100 DM,1-4 ans,1,Homme marié/veuf,Aucun,2,Épargne logement/Assurance vie,21,Aucun,Location,1,Qualifié/Employé/Fonctionnaire,1,Non,Oui,Bon client
< 0 DM (découvert),18,Crédits en cours remboursés,Meubles/Équipement,2473,< 100 DM,Sans emploi,4,Homme célibataire,Aucun,1,Voiture ou autre,25,Aucun,Propriétaire,1,Sans emploi/Non qualifié (non-résident),1,Non,Oui,Mauvais client
Pas de compte,12,Crédits en cours remboursés,Business,1542,< 100 DM,4-7 ans,2,Homme célibataire,Aucun,4,Voiture ou autre,36,Aucun,Propriétaire,1,Qualifié/Employé/Fonctionnaire,1,Oui (à son nom),Oui,Bon client
Pas de compte,18,Compte critique / autres crédits,Voiture (occasion),3850,< 100 DM,4-7 ans,3,Homme célibataire,Aucun,1,Voiture ou autre,27,Aucun,Propriétaire,2,Qualifié/Employé/Fonctionnaire,1,Non,Oui,Bon client
< 0 DM (découvert),18,Crédits en cours remboursés,Meubles/Équipement,3650,< 100 DM,< 1 an,1,Femme divorcée/mariée,Aucun,4,Voiture ou autre,22,Aucun,Location,1,Qualifié/Employé/Fonctionnaire,1,Non,Oui,Bon client
< 0 DM (découvert),36,Crédits en cours remboursés,Meubles/Équipement,3446,< 100 DM,>= 7 ans,4,Homme célibataire,Aucun,2,Voiture ou autre,42,Aucun,Propriétaire,1,Qualifié/Employé/Fonctionnaire,2,Non,Oui,Mauvais client
0-200 DM,18,Crédits en cours remboursés,Meubles/Équipement,3001,< 100 DM,4-7 ans,2,Femme divorcée/mariée,Aucun,4,Immobilier,40,Aucun,Location,1,Qualifié/Employé/Fonctionnaire,1,Non,Oui,Bon client
Pas de compte,36,Crédits en cours remboursés,Voiture (neuve),3079,Pas d'épargne,1-4 ans,4,Homme célibataire,Aucun,4,Immobilier,36,Aucun,Propriétaire,1,Qualifié/Employé/Fonctionnaire,1,Non,Oui,Bon client
Pas de compte,18,Compte critique / autres crédits,Radio/Télévision,6070,< 100 DM,>= 7 ans,3,Homme célibataire,Aucun,4,Voiture ou autre,33,Aucun,Propriétaire,2,Qualifié/Employé/Fonctionnaire,1,Oui (à son nom),Oui,Bon client
Pas de compte,10,Compte critique / autres crédits,Meubles/Équipement,2146,< 100 DM,< 1 an,1,Femme divorcée/mariée,Aucun,3,Immobilier,23,Aucun,Location,2,Qualifié/Employé/Fonctionnaire,1,Non,Oui,Bon client
Pas de compte,60,Compte critique / autres crédits,Voiture (neuve),13756,Pas d'épargne,>= 7 ans,2,Homme célibataire,Aucun,4,Aucun patrimoine,63,Banque,Gratuit,1,Cadre/Indépendant/Dirigeant,1,Oui (à son nom),Oui,Bon client
0-200 DM,60,Tous crédits remboursés ici,Autres,14782,100-500 DM,>= 7 ans,3,Femme divorcée/mariée,Aucun,4,Aucun patrimoine,60,Banque,Gratuit,2,Cadre/Indépendant/Dirigeant,1,Oui (à son nom),Oui,Mauvais client
< 0 DM (découvert),48,Tous crédits remboursés ici,Business,7685,< 100 DM,4-7 ans,2,Femme divorcée/mariée,Garant,4,Voiture ou autre,37,Aucun,Location,1,Qualifié/Employé/Fonctionnaire,1,Non,Oui,Mauvais client
Pas de compte,18,Retards de paiement passés,Radio/Télévision,2320,< 100 DM,Sans emploi,2,Homme marié/veuf,Aucun,3,Immobilier,34,Aucun,Propriétaire,2,Qualifié/Employé/Fonctionnaire,1,Non,Oui,Bon client
Pas de compte,7,Retards de paiement passés,Radio/Télévision,846,Pas d'épargne,>= 7 ans,3,Homme célibataire,Aucun,4,Aucun patrimoine,36,Aucun,Gratuit,1,Qualifié/Employé/Fonctionnaire,1,Non,Oui,Bon client
0-200 DM,36,Crédits en cours remboursés,Voiture (neuve),14318,< 100 DM,>= 7 ans,4,Homme célibataire,Aucun,2,Aucun patrimoine,57,Aucun,Gratuit,1,Cadre/Indépendant/Dirigeant,1,Oui (à son nom),Oui,Mauvais client
Pas de compte,6,Compte critique / autres crédits,Voiture (neuve),362,100-500 DM,1-4 ans,4,Femme divorcée/mariée,Aucun,4,Voiture ou autre,52,Aucun,Propriétaire,2,Non qualifié (résident),1,Non,Oui,Bon client
< 0 DM (découvert),20,Crédits en cours remboursés,Meubles/Équipement,2212,Pas d'épargne,4-7 ans,4,Homme célibataire,Aucun,4,Voiture ou autre,39,Aucun,Propriétaire,1,Qualifié/Employé/Fonctionnaire,1,Oui (à son nom),Oui,Bon client
0-200 DM,18,Crédits en cours remboursés,Voiture (occasion),12976,< 100 DM,Sans emploi,3,Femme divorcée/mariée,Aucun,4,Aucun patrimoine,38,Aucun,Gratuit,1,Cadre/Indépendant/Dirigeant,1,Oui (à son nom),Oui,Mauvais client
Pas de compte,22,Crédits en cours remboursés,Voiture (neuve),1283,Pas d'épargne,4-7 ans,4,Femme divorcée/mariée,Aucun,4,Épargne logement/Assurance vie,25,Aucun,Location,1,Qualifié/Employé/Fonctionnaire,1,Non,Oui,Bon client
>= 200 DM,12,Crédits en cours remboursés,Voiture (neuve),1330,< 100 DM,< 1 an,4,Homme célibataire,Aucun,1,Immobilier,26,Aucun,Propriétaire,1,Qualifié/Employé/Fonctionnaire,1,Non,Oui,Bon client
Pas de compte,30,Retards de paiement passés,Business,4272,100-500 DM,1-4 ans,2,Homme célibataire,Aucun,2,Épargne logement/Assurance vie,26,Aucun,Propriétaire,2,Non qualifié (résident),1,Non,Oui,Bon client
Pas de compte,18,Compte critique / autres crédits,Radio/Télévision,2238,< 100 DM,1-4 ans,2,Femme divorcée/mariée,Aucun,1,Voiture ou autre,25,Aucun,Propriétaire,2,Qualifié/Employé/Fonctionnaire,1,Non,Oui,Bon client
Pas de compte,18,Crédits en cours remboursés,Radio/Télévision,1126,Pas d'épargne,< 1 an,4,Femme divorcée/mariée,Aucun,2,Immobilier,21,Aucun,Location,1,Qualifié/Employé/Fonctionnaire,1,Oui (à son nom),Oui,Bon client
0-200 DM,18,Compte critique / autres crédits,Meubles/Équipement,7374,< 100 DM,Sans emploi,4,Homme célibataire,Aucun,4,Épargne logement/Assurance vie,40,Magasins,Propriétaire,2,Cadre/Indépendant/Dirigeant,1,Oui (à son nom),Oui,Bon client
0-200 DM,15,Compte critique / autres crédits,Business,2326,500-1000 DM,1-4 ans,2,Homme célibataire,Aucun,4,Voiture ou autre,27,Banque,Propriétaire,1,Qualifié/Employé/Fonctionnaire,1,Non,Oui,Bon client
Pas de compte,9,Crédits en cours remboursés,Business,1449,< 100 DM,4-7 ans,3,Femme divorcée/mariée,Aucun,2,Voiture ou autre,27,Aucun,Propriétaire,2,Qualifié/Employé/Fonctionnaire,1,Non,Oui,Bon client
Pas de compte,18,Crédits en cours remboursés,Voiture (neuve),1820,< 100 DM,1-4 ans,2,Homme marié/veuf,Aucun,2,Épargne logement/Assurance vie,30,Aucun,Propriétaire,1,Cadre/Indépendant/Dirigeant,1,Oui (à son nom),Oui,Bon client
0-200 DM,12,Crédits en cours remboursés,Meubles/Équipement,983,>= 1000 DM,< 1 an,1,Femme divorcée/mariée,Aucun,4,Immobilier,19,Aucun,Location,1,Non qualifié (résident),1,Non,Oui,Bon client
< 0 DM (découvert),36,Crédits en cours remboursés,Voiture (neuve),3249,< 100 DM,4-7 ans,2,Homme célibataire,Aucun,4,Aucun patrimoine,39,Banque,Gratuit,1,Cadre/Indépendant/Dirigeant,2,Oui (à son nom),Oui,Bon client
< 0 DM (découvert),6,Compte critique / autres crédits,Radio/Télévision,1957,< 100 DM,4-7 ans,1,Femme divorcée/mariée,Aucun,4,Voiture ou autre,31,Aucun,Propriétaire,1,Qualifié/Employé/Fonctionnaire,1,Non,Oui,Bon client
Pas de compte,9,Compte critique / autres crédits,Meubles/Équipement,2406,< 100 DM,Sans emploi,2,Homme célibataire,Aucun,3,Voiture ou autre,31,Aucun,Propriétaire,1,Cadre/Indépendant/Dirigeant,1,Non,Oui,Bon client
0-200 DM,39,Retards de paiement passés,Éducation,11760,100-500 DM,4-7 ans,2,Homme célibataire,Aucun,3,Aucun patrimoine,32,Aucun,Location,1,Qualifié/Employé/Fonctionnaire,1,Oui (à son nom),Oui,Bon client
< 0 DM (découvert),12,Crédits en cours remboursés,Meubles/Équipement,2578,< 100 DM,Sans emploi,3,Femme divorcée/mariée,Aucun,4,Aucun patrimoine,55,Aucun,Gratuit,1,Cadre/Indépendant/Dirigeant,1,Non,Oui,Bon client
< 0 DM (découvert),36,Compte critique / autres crédits,Meubles/Équipement,2348,< 100 DM,1-4 ans,3,Homme marié/veuf,Aucun,2,Épargne logement/Assurance vie,46,Aucun,Propriétaire,2,Qualifié/Employé/Fonctionnaire,1,Oui (à son nom),Oui,Bon client
0-200 DM,12,Crédits en cours remboursés,Voiture (neuve),1223,< 100 DM,>= 7 ans,1,Homme divorcé/séparé,Aucun,1,Immobilier,46,Aucun,Location,2,Qualifié/Employé/Fonctionnaire,1,Non,Oui,Mauvais client
Pas de compte,24,Compte critique / autres crédits,Radio/Télévision,1516,>= 1000 DM,1-4 ans,4,Femme divorcée/mariée,Aucun,1,Immobilier,43,Aucun,Propriétaire,2,Non qualifié (résident),1,Non,Oui,Bon client
Pas de compte,18,Crédits en cours remboursés,Radio/Télévision,1473,< 100 DM,< 1 an,3,Homme marié/veuf,Aucun,4,Immobilier,39,Aucun,Propriétaire,1,Qualifié/Employé/Fonctionnaire,1,Oui (à son nom),Oui,Bon client
0-200 DM,18,Compte critique / autres crédits,Business,1887,Pas d'épargne,1-4 ans,4,Homme marié/veuf,Aucun,4,Immobilier,28,Banque,Propriétaire,2,Qualifié/Employé/Fonctionnaire,1,Non,Oui,Bon client
Pas de compte,24,Retards de paiement passés,Business,8648,< 100 DM,< 1 an,2,Homme célibataire,Aucun,2,Voiture ou autre,27,Banque,Propriétaire,2,Qualifié/Employé/Fonctionnaire,1,Oui (à son nom),Oui,Mauvais client
Pas de compte,14,Retards de paiement passés,Voiture (neuve),802,< 100 DM,1-4 ans,4,Homme célibataire,Aucun,2,Voiture ou autre,27,Aucun,Propriétaire,2,Non qualifié (résident),1,Non,Oui,Bon client
0-200 DM,18,Retards de paiement passés,Voiture (neuve),2899,Pas d'épargne,>= 7 ans,4,Homme célibataire,Aucun,4,Voiture ou autre,43,Aucun,Propriétaire,1,Qualifié/Employé/Fonctionnaire,2,Non,Oui,Bon client
0-200 DM,24,Crédits en cours remboursés,Radio/Télévision,2039,< 100 DM,< 1 an,1,Homme marié/veuf,Aucun,1,Épargne logement/Assurance vie,22,Aucun,Propriétaire,1,Qualifié/Employé/Fonctionnaire,1,Oui (à son nom),Oui,Mauvais client
Pas de compte,24,Compte critique / autres crédits,Voiture (occasion),2197,Pas d'épargne,4-7 ans,4,Homme célibataire,Aucun,4,Voiture ou autre,43,Aucun,Propriétaire,2,Qualifié/Employé/Fonctionnaire,2,Oui (à son nom),Oui,Bon client
< 0 DM (découvert),15,Crédits en cours remboursés,Radio/Télévision,1053,< 100 DM,< 1 an,4,Homme marié/veuf,Aucun,2,Immobilier,27,Aucun,Propriétaire,1,Qualifié/Employé/Fonctionnaire,1,Non,Non,Bon client
Pas de compte,24,Crédits en cours remboursés,Radio/Télévision,3235,500-1000 DM,>= 7 ans,3,Homme divorcé/séparé,Aucun,2,Voiture ou autre,26,Aucun,Propriétaire,1,Cadre/Indépendant/Dirigeant,1,Oui (à son nom),Oui,Bon client
>= 200 DM,12,Compte critique / autres crédits,Voiture (neuve),939,500-1000 DM,4-7 ans,4,Homme marié/veuf,Aucun,2,Immobilier,28,Aucun,Propriétaire,3,Qualifié/Employé/Fonctionnaire,1,Oui (à son nom),Oui,Mauvais client
0-200 DM,24,Crédits en cours remboursés,Radio/Télévision,1967,< 100 DM,>= 7 ans,4,Femme divorcée/mariée,Aucun,4,Voiture ou autre,20,Aucun,Propriétaire,1,Qualifié/Employé/Fonctionnaire,1,Oui (à son nom),Oui,Bon client
Pas de compte,33,Compte critique / autres crédits,Voiture (occasion),7253,< 100 DM,4-7 ans,3,Homme célibataire,Aucun,2,Voiture ou autre,35,Aucun,Propriétaire,2,Cadre/Indépendant/Dirigeant,1,Oui (à son nom),Oui,Bon client
Pas de compte,12,Compte critique / autres crédits,Business,2292,< 100 DM,Sans emploi,4,Homme célibataire,Aucun,2,Voiture ou autre,42,Magasins,Propriétaire,2,Cadre/Indépendant/Dirigeant,1,Oui (à son nom),Oui,Mauvais client
Pas de compte,10,Crédits en cours remboursés,Voiture (neuve),1597,500-1000 DM,1-4 ans,3,Homme célibataire,Aucun,2,Aucun patrimoine,40,Aucun,Location,1,Non qualifié (résident),2,Non,Non,Bon client
< 0 DM (découvert),24,Crédits en cours remboursés,Voiture (neuve),1381,Pas d'épargne,1-4 ans,4,Femme divorcée/mariée,Aucun,2,Épargne logement/Assurance vie,35,Aucun,Propriétaire,1,Qualifié/Employé/Fonctionnaire,1,Non,Oui,Mauvais client
Pas de compte,36,Compte critique / autres crédits,Voiture (occasion),5842,< 100 DM,>= 7 ans,2,Homme célibataire,Aucun,2,Épargne logement/Assurance vie,35,Aucun,Propriétaire,2,Qualifié/Employé/Fonctionnaire,2,Oui (à son nom),Oui,Bon client
< 0 DM (découvert),12,Crédits en cours remboursés,Voiture (neuve),2579,< 100 DM,< 1 an,4,Homme célibataire,Aucun,1,Immobilier,33,Aucun,Propriétaire,1,Non qualifié (résident),2,Non,Oui,Mauvais client
< 0 DM (découvert),18,Retards de paiement passés,Éducation,8471,Pas d'épargne,1-4 ans,1,Femme divorcée/mariée,Aucun,2,Voiture ou autre,23,Aucun,Location,2,Qualifié/Employé/Fonctionnaire,1,Oui (à son nom),Oui,Bon client
Pas de compte,21,Crédits en cours remboursés,Voiture (neuve),2782,500-1000 DM,4-7 ans,1,Femme divorcée/mariée,Aucun,2,Voiture ou autre,31,Banque,Propriétaire,1,Cadre/Indépendant/Dirigeant,1,Non,Oui,Bon client
0-200 DM,18,Crédits en cours remboursés,Voiture (neuve),1042,Pas d'épargne,1-4 ans,4,Femme divorcée/mariée,Aucun,2,Épargne logement/Assurance vie,33,Aucun,Propriétaire,1,Qualifié/Employé/Fonctionnaire,1,Non,Oui,Mauvais client
Pas de compte,15,Crédits en cours remboursés,Voiture (neuve),3186,>= 1000 DM,4-7 ans,2,Femme divorcée/mariée,Aucun,3,Voiture ou autre,20,Aucun,Location,1,Qualifié/Employé/Fonctionnaire,1,Non,Oui,Bon client
0-200 DM,12,Crédits en cours remboursés,Voiture (occasion),2028,Pas d'épargne,1-4 ans,4,Homme célibataire,Aucun,2,Voiture ou autre,30,Aucun,Propriétaire,1,Qualifié/Employé/Fonctionnaire,1,Non,Oui,Bon client
0-200 DM,12,Compte critique / autres crédits,Voiture (neuve),958,< 100 DM,4-7 ans,2,Homme célibataire,Aucun,3,Immobilier,47,Aucun,Propriétaire,2,Non qualifié (résident),2,Non,Oui,Bon client
Pas de compte,21,Retards de paiement passés,Meubles/Équipement,1591,100-500 DM,4-7 ans,4,Homme célibataire,Aucun,3,Immobilier,34,Aucun,Propriétaire,2,Cadre/Indépendant/Dirigeant,1,Non,Oui,Bon client
0-200 DM,12,Crédits en cours remboursés,Meubles/Équipement,2762,Pas d'épargne,>= 7 ans,1,Femme divorcée/mariée,Aucun,2,Épargne logement/Assurance vie,25,Banque,Propriétaire,1,Qualifié/Employé/Fonctionnaire,1,Oui (à son nom),Oui,Mauvais client
0-200 DM,18,Crédits en cours remboursés,Voiture (occasion),2779,< 100 DM,1-4 ans,1,Homme marié/veuf,Aucun,3,Voiture ou autre,21,Aucun,Location,1,Qualifié/Employé/Fonctionnaire,1,Oui (à son nom),Oui,Bon client
Pas de compte,28,Compte critique / autres crédits,Radio/Télévision,2743,< 100 DM,>= 7 ans,4,Homme célibataire,Aucun,2,Voiture ou autre,29,Aucun,Propriétaire,2,Qualifié/Employé/Fonctionnaire,1,Non,Oui,Bon client
Pas de compte,18,Compte critique / autres crédits,Radio/Télévision,1149,>= 1000 DM,1-4 ans,4,Homme célibataire,Aucun,3,Immobilier,46,Aucun,Propriétaire,2,Qualifié/Employé/Fonctionnaire,1,Non,Oui,Bon client
Pas de compte,9,Crédits en cours remboursés,Meubles/Équipement,1313,< 100 DM,>= 7 ans,1,Homme célibataire,Aucun,4,Voiture ou autre,20,Aucun,Propriétaire,1,Qualifié/Employé/Fonctionnaire,1,Non,Oui,Bon client
< 0 DM (découvert),18,Compte critique / autres crédits,Réparations,1190,< 100 DM,Sans emploi,2,Femme divorcée/mariée,Aucun,4,Aucun patrimoine,55,Aucun,Gratuit,3,Sans emploi/Non qualifié (non-résident),2,Non,Oui,Mauvais client
Pas de compte,5,Crédits en cours remboursés,Business,3448,< 100 DM,4-7 ans,1,Homme célibataire,Aucun,4,Immobilier,74,Aucun,Propriétaire,1,Non qualifié (résident),1,Non,Oui,Bon client
0-200 DM,24,Crédits en cours remboursés,Autres,11328,< 100 DM,1-4 ans,2,Homme célibataire,Co-demandeur,3,Voiture ou autre,29,Banque,Propriétaire,2,Cadre/Indépendant/Dirigeant,1,Oui (à son nom),Oui,Mauvais client
< 0 DM (découvert),6,Compte critique / autres crédits,Meubles/Équipement,1872,< 100 DM,Sans emploi,4,Homme célibataire,Aucun,4,Aucun patrimoine,36,Aucun,Gratuit,3,Cadre/Indépendant/Dirigeant,1,Oui (à son nom),Oui,Bon client
Pas de compte,24,Compte critique / autres crédits,Réparations,2058,< 100 DM,1-4 ans,4,Homme divorcé/séparé,Aucun,2,Immobilier,33,Aucun,Propriétaire,2,Qualifié/Employé/Fonctionnaire,1,Oui (à son nom),Oui,Bon client
< 0 DM (découvert),9,Crédits en cours remboursés,Meubles/Équipement,2136,< 100 DM,1-4 ans,3,Homme célibataire,Aucun,2,Immobilier,25,Aucun,Propriétaire,1,Qualifié/Employé/Fonctionnaire,1,Non,Oui,Bon client
0-200 DM,12,Crédits en cours remboursés,Radio/Télévision,1484,Pas d'épargne,1-4 ans,2,Homme marié/veuf,Aucun,1,Immobilier,25,Aucun,Propriétaire,1,Qualifié/Employé/Fonctionnaire,1,Oui (à son nom),Oui,Mauvais client
Pas de compte,6,Crédits en cours remboursés,Réparations,660,500-1000 DM,4-7 ans,2,Homme marié/veuf,Aucun,4,Immobilier,23,Aucun,Location,1,Non qualifié (résident),1,Non,Oui,Bon client
Pas de compte,24,Compte critique / autres crédits,Voiture (neuve),1287,>= 1000 DM,>= 7 ans,4,Femme divorcée/mariée,Aucun,4,Immobilier,37,Aucun,Propriétaire,2,Qualifié/Employé/Fonctionnaire,1,Oui (à son nom),Oui,Bon client
< 0 DM (découvert),42,Compte critique / autres crédits,Réparations,3394,< 100 DM,Sans emploi,4,Homme célibataire,Co-demandeur,4,Voiture ou autre,65,Aucun,Propriétaire,2,Sans emploi/Non qualifié (non-résident),1,Non,Oui,Bon client
>= 200 DM,12,Tous crédits remboursés ici,Business,609,< 100 DM,< 1 an,4,Femme divorcée/mariée,Aucun,1,Immobilier,26,Aucun,Propriétaire,1,Sans emploi/Non qualifié (non-résident),1,Non,Oui,Mauvais client
Pas de compte,12,Crédits en cours remboursés,Voiture (neuve),1884,< 100 DM,>= 7 ans,4,Homme célibataire,Aucun,4,Voiture ou autre,39,Aucun,Propriétaire,1,Cadre/Indépendant/Dirigeant,1,Oui (à son nom),Oui,Bon client
< 0 DM (découvert),12,Crédits en cours remboursés,Meubles/Équipement,1620,< 100 DM,1-4 ans,2,Femme divorcée/mariée,Co-demandeur,3,Épargne logement/Assurance vie,30,Aucun,Propriétaire,1,Qualifié/Employé/Fonctionnaire,1,Non,Oui,Bon client
0-200 DM,20,Retards de paiement passés,Autres,2629,< 100 DM,1-4 ans,2,Homme célibataire,Aucun,3,Voiture ou autre,29,Banque,Propriétaire,2,Qualifié/Employé/Fonctionnaire,1,Oui (à son nom),Oui,Bon client
Pas de compte,12,Crédits en cours remboursés,Éducation,719,< 100 DM,>= 7 ans,4,Homme célibataire,Aucun,4,Voiture ou autre,41,Banque,Propriétaire,1,Non qualifié (résident),2,Non,Oui,Mauvais client
0-200 DM,48,Compte critique / autres crédits,Meubles/Équipement,5096,< 100 DM,1-4 ans,2,Femme divorcée/mariée,Aucun,3,Voiture ou autre,30,Aucun,Propriétaire,1,Cadre/Indépendant/Dirigeant,1,Oui (à son nom),Oui,Mauvais client
Pas de compte,9,Compte critique / autres crédits,Éducation,1244,Pas d'épargne,>= 7 ans,4,Femme divorcée/mariée,Aucun,4,Épargne logement/Assurance vie,41,Aucun,Location,2,Non qualifié (résident),1,Non,Oui,Bon client
< 0 DM (découvert),36,Crédits en cours remboursés,Voiture (neuve),1842,< 100 DM,< 1 an,4,Femme divorcée/mariée,Aucun,4,Voiture ou autre,34,Aucun,Propriétaire,1,Qualifié/Employé/Fonctionnaire,1,Oui (à son nom),Oui,Mauvais client
0-200 DM,7,Crédits en cours remboursés,Radio/Télévision,2576,< 100 DM,1-4 ans,2,Homme célibataire,Garant,2,Immobilier,35,Aucun,Propriétaire,1,Qualifié/Employé/Fonctionnaire,1,Non,Oui,Bon client
>= 200 DM,12,Crédits en cours remboursés,Meubles/Équipement,1424,Pas d'épargne,>= 7 ans,3,Femme divorcée/mariée,Aucun,4,Immobilier,55,Aucun,Propriétaire,1,Cadre/Indépendant/Dirigeant,1,Oui (à son nom),Oui,Bon client
0-200 DM,15,Retards de paiement passés,Réparations,1512,>= 1000 DM,1-4 ans,3,Homme marié/veuf,Aucun,3,Épargne logement/Assurance vie,61,Magasins,Propriétaire,2,Qualifié/Employé/Fonctionnaire,1,Non,Oui,Mauvais client
Pas de compte,36,Compte critique / autres crédits,Voiture (occasion),11054,Pas d'épargne,1-4 ans,4,Homme célibataire,Aucun,2,Voiture ou autre,30,Aucun,Propriétaire,1,Cadre/Indépendant/Dirigeant,1,Oui (à son nom),Oui,Bon client
Pas de compte,6,Crédits en cours remboursés,Radio/Télévision,518,< 100 DM,1-4 ans,3,Femme divorcée/mariée,Aucun,1,Immobilier,29,Aucun,Propriétaire,1,Qualifié/Employé/Fonctionnaire,1,Non,Oui,Bon client
Pas de compte,12,Aucun crédit / tous remboursés,Meubles/Équipement,2759,< 100 DM,>= 7 ans,2,Homme célibataire,Aucun,4,Épargne logement/Assurance vie,34,Aucun,Propriétaire,2,Qualifié/Employé/Fonctionnaire,1,Non,Oui,Bon client
Pas de compte,24,Crédits en cours remboursés,Voiture (occasion),2670,< 100 DM,>= 7 ans,4,Homme célibataire,Aucun,4,Voiture ou autre,35,Aucun,Propriétaire,1,Cadre/Indépendant/Dirigeant,1,Oui (à son nom),Oui,Bon client
< 0 DM (découvert),24,Crédits en cours remboursés,Voiture (neuve),4817,< 100 DM,4-7 ans,2,Homme célibataire,Co-demandeur,3,Épargne logement/Assurance vie,31,Aucun,Propriétaire,1,Qualifié/Employé/Fonctionnaire,1,Oui (à son nom),Oui,Mauvais client
Pas de compte,24,Crédits en cours remboursés,Voiture (occasion),2679,< 100 DM,< 1 an,4,Femme divorcée/mariée,Aucun,1,Aucun patrimoine,29,Aucun,Propriétaire,1,Cadre/Indépendant/Dirigeant,1,Oui (à son nom),Oui,Bon client
< 0 DM (découvert),11,Compte critique / autres crédits,Voiture (neuve),3905,< 100 DM,1-4 ans,2,Homme célibataire,Aucun,2,Immobilier,36,Aucun,Location,2,Qualifié/Employé/Fonctionnaire,2,Non,Oui,Bon client
< 0 DM (découvert),12,Crédits en cours remboursés,Voiture (occasion),3386,< 100 DM,>= 7 ans,3,Homme célibataire,Aucun,4,Aucun patrimoine,35,Aucun,Gratuit,1,Qualifié/Employé/Fonctionnaire,1,Oui (à son nom),Oui,Mauvais client
< 0 DM (découvert),6,Crédits en cours remboursés,Électroménager,343,< 100 DM,< 1 an,4,Femme divorcée/mariée,Aucun,1,Immobilier,27,Aucun,Propriétaire,1,Qualifié/Employé/Fonctionnaire,1,Non,Oui,Bon client
Pas de compte,18,Crédits en cours remboursés,Radio/Télévision,4594,< 100 DM,< 1 an,3,Homme célibataire,Aucun,2,Voiture ou autre,32,Aucun,Propriétaire,1,Qualifié/Employé/Fonctionnaire,1,Oui (à son nom),Oui,Bon client
< 0 DM (découvert),36,Crédits en cours remboursés,Meubles/Équipement,3620,< 100 DM,1-4 ans,1,Homme célibataire,Garant,2,Épargne logement/Assurance vie,37,Aucun,Propriétaire,1,Qualifié/Employé/Fonctionnaire,2,Non,Oui,Bon client
< 0 DM (découvert),15,Crédits en cours remboursés,Voiture (neuve),1721,< 100 DM,< 1 an,2,Homme célibataire,Aucun,3,Immobilier,36,Aucun,Propriétaire,1,Qualifié/Employé/Fonctionnaire,1,Non,Oui,Bon client
0-200 DM,12,Crédits en cours remboursés,Meubles/Équipement,3017,< 100 DM,< 1 an,3,Femme divorcée/mariée,Aucun,1,Immobilier,34,Aucun,Location,1,Cadre/Indépendant/Dirigeant,1,Non,Oui,Bon client
0-200 DM,12,Crédits en cours remboursés,Reconversion pro,754,Pas d'épargne,>= 7 ans,4,Homme célibataire,Aucun,4,Épargne logement/Assurance vie,38,Aucun,Propriétaire,2,Qualifié/Employé/Fonctionnaire,1,Non,Oui,Bon client
Pas de compte,18,Crédits en cours remboursés,Business,1950,< 100 DM,4-7 ans,4,Homme célibataire,Aucun,1,Voiture ou autre,34,Magasins,Propriétaire,2,Qualifié/Employé/Fonctionnaire,1,Oui (à son nom),Oui,Bon client
< 0 DM (découvert),24,Crédits en cours remboursés,Voiture (occasion),2924,< 100 DM,1-4 ans,3,Homme célibataire,Garant,4,Aucun patrimoine,63,Banque,Propriétaire,1,Qualifié/Employé/Fonctionnaire,2,Oui (à son nom),Oui,Bon client
< 0 DM (découvert),24,Retards de paiement passés,Radio/Télévision,1659,< 100 DM,< 1 an,4,Femme divorcée/mariée,Aucun,2,Voiture ou autre,29,Aucun,Location,1,Non qualifié (résident),1,Oui (à son nom),Oui,Mauvais client
Pas de compte,48,Retards de paiement passés,Radio/Télévision,7238,Pas d'épargne,>= 7 ans,3,Homme célibataire,Aucun,3,Voiture ou autre,32,Banque,Propriétaire,2,Qualifié/Employé/Fonctionnaire,2,Non,Oui,Bon client
Pas de compte,33,Retards de paiement passés,Business,2764,< 100 DM,1-4 ans,2,Femme divorcée/mariée,Aucun,2,Voiture ou autre,26,Aucun,Propriétaire,2,Qualifié/Employé/Fonctionnaire,1,Oui (à son nom),Oui,Bon client
Pas de compte,24,Retards de paiement passés,Voiture (occasion),4679,< 100 DM,4-7 ans,3,Homme célibataire,Aucun,3,Voiture ou autre,35,Aucun,Propriétaire,2,Non qualifié (résident),1,Oui (à son nom),Oui,Bon client
0-200 DM,24,Crédits en cours remboursés,Radio/Télévision,3092,100-500 DM,< 1 an,3,Homme marié/veuf,Aucun,2,Voiture ou autre,22,Aucun,Location,1,Qualifié/Employé/Fonctionnaire,1,Oui (à son nom),Oui,Mauvais client
< 0 DM (découvert),6,Crédits en cours remboursés,Éducation,448,< 100 DM,< 1 an,4,Femme divorcée/mariée,Aucun,4,Épargne logement/Assurance vie,23,Aucun,Propriétaire,1,Qualifié/Employé/Fonctionnaire,1,Non,Oui,Mauvais client
< 0 DM (découvert),9,Crédits en cours remboursés,Voiture (neuve),654,< 100 DM,1-4 ans,4,Homme célibataire,Aucun,3,Voiture ou autre,28,Aucun,Propriétaire,1,Non qualifié (résident),1,Non,Oui,Mauvais client
Pas de compte,6,Crédits en cours remboursés,Reconversion pro,1238,Pas d'épargne,Sans emploi,4,Homme célibataire,Aucun,4,Épargne logement/Assurance vie,36,Aucun,Propriétaire,1,Cadre/Indépendant/Dirigeant,2,Oui (à son nom),Oui,Bon client
0-200 DM,18,Compte critique / autres crédits,Radio/Télévision,1245,< 100 DM,1-4 ans,4,Homme marié/veuf,Aucun,2,Voiture ou autre,33,Aucun,Propriétaire,1,Qualifié/Employé/Fonctionnaire,1,Non,Oui,Mauvais client
< 0 DM (découvert),18,Aucun crédit / tous remboursés,Meubles/Équipement,3114,< 100 DM,< 1 an,1,Femme divorcée/mariée,Aucun,4,Épargne logement/Assurance vie,26,Aucun,Location,1,Qualifié/Employé/Fonctionnaire,1,Non,Oui,Mauvais client
Pas de compte,39,Crédits en cours remboursés,Voiture (occasion),2569,500-1000 DM,1-4 ans,4,Homme célibataire,Aucun,4,Voiture ou autre,24,Aucun,Propriétaire,1,Qualifié/Employé/Fonctionnaire,1,Non,Oui,Bon client
>= 200 DM,24,Crédits en cours remboursés,Radio/Télévision,5152,< 100 DM,4-7 ans,4,Homme célibataire,Aucun,2,Voiture ou autre,25,Banque,Propriétaire,1,Qualifié/Employé/Fonctionnaire,1,Non,Oui,Bon client
0-200 DM,12,Crédits en cours remboursés,Business,1037,100-500 DM,4-7 ans,3,Homme célibataire,Aucun,4,Immobilier,39,Aucun,Propriétaire,1,Non qualifié (résident),1,Non,Oui,Bon client
< 0 DM (découvert),15,Compte critique / autres crédits,Meubles/Équipement,1478,< 100 DM,>= 7 ans,4,Homme célibataire,Aucun,4,Voiture ou autre,44,Aucun,Propriétaire,2,Qualifié/Employé/Fonctionnaire,2,Oui (à son nom),Oui,Bon client
0-200 DM,12,Compte critique / autres crédits,Radio/Télévision,3573,< 100 DM,1-4 ans,1,Femme divorcée/mariée,Aucun,1,Immobilier,23,Aucun,Propriétaire,1,Non qualifié (résident),1,Non,Oui,Bon client
0-200 DM,24,Crédits en cours remboursés,Voiture (neuve),1201,< 100 DM,< 1 an,4,Homme célibataire,Aucun,1,Épargne logement/Assurance vie,26,Aucun,Propriétaire,1,Qualifié/Employé/Fonctionnaire,1,Non,Oui,Bon client
< 0 DM (découvert),30,Crédits en cours remboursés,Meubles/Équipement,3622,>= 1000 DM,>= 7 ans,4,Femme divorcée/mariée,Aucun,4,Épargne logement/Assurance vie,57,Aucun,Location,2,Qualifié/Employé/Fonctionnaire,1,Oui (à son nom),Oui,Bon client
Pas de compte,15,Retards de paiement passés,Meubles/Équipement,960,>= 1000 DM,4-7 ans,3,Femme divorcée/mariée,Aucun,2,Épargne logement/Assurance vie,30,Aucun,Propriétaire,2,Qualifié/Employé/Fonctionnaire,1,Non,Oui,Bon client
Pas de compte,12,Compte critique / autres crédits,Voiture (neuve),1163,500-1000 DM,1-4 ans,4,Homme célibataire,Aucun,4,Immobilier,44,Aucun,Propriétaire,1,Qualifié/Employé/Fonctionnaire,1,Oui (à son nom),Oui,Bon client
0-200 DM,6,Retards de paiement passés,Voiture (neuve),1209,< 100 DM,Sans emploi,4,Homme célibataire,Aucun,4,Épargne logement/Assurance vie,47,Aucun,Propriétaire,1,Cadre/Indépendant/Dirigeant,1,Oui (à son nom),Oui,Mauvais client
Pas de compte,12,Crédits en cours remboursés,Radio/Télévision,3077,< 100 DM,1-4 ans,2,Homme célibataire,Aucun,4,Voiture ou autre,52,Aucun,Propriétaire,1,Qualifié/Employé/Fonctionnaire,1,Oui (à son nom),Oui,Bon client
Pas de compte,24,Crédits en cours remboursés,Voiture (neuve),3757,< 100 DM,>= 7 ans,4,Femme divorcée/mariée,Co-demandeur,4,Aucun patrimoine,62,Aucun,Gratuit,1,Qualifié/Employé/Fonctionnaire,1,Oui (à son nom),Oui,Bon client
Pas de compte,10,Crédits en cours remboursés,Voiture (neuve),1418,100-500 DM,1-4 ans,3,Homme célibataire,Aucun,2,Immobilier,35,Aucun,Location,1,Non qualifié (résident),1,Non,Non,Bon client
Pas de compte,6,Crédits en cours remboursés,Voiture (neuve),3518,< 100 DM,1-4 ans,2,Homme célibataire,Garant,3,Épargne logement/Assurance vie,26,Aucun,Location,1,Qualifié/Employé/Fonctionnaire,1,Non,Oui,Bon client
Pas de compte,12,Compte critique / autres crédits,Radio/Télévision,1934,< 100 DM,>= 7 ans,2,Homme célibataire,Aucun,2,Aucun patrimoine,26,Aucun,Propriétaire,2,Qualifié/Employé/Fonctionnaire,1,Non,Oui,Bon client
0-200 DM,27,Aucun crédit / tous remboursés,Business,8318,< 100 DM,>= 7 ans,2,Femme divorcée/mariée,Aucun,4,Aucun patrimoine,42,Aucun,Gratuit,2,Cadre/Indépendant/Dirigeant,1,Oui (à son nom),Oui,Mauvais client
Pas de compte,6,Compte critique / autres crédits,Radio/Télévision,1237,100-500 DM,1-4 ans,1,Femme divorcée/mariée,Aucun,1,Épargne logement/Assurance vie,27,Aucun,Propriétaire,2,Qualifié/Employé/Fonctionnaire,1,Non,Oui,Bon client
0-200 DM,6,Crédits en cours remboursés,Radio/Télévision,368,Pas d'épargne,>= 7 ans,4,Homme célibataire,Aucun,4,Épargne logement/Assurance vie,38,Aucun,Propriétaire,1,Qualifié/Employé/Fonctionnaire,1,Non,Oui,Bon client
< 0 DM (découvert),12,Compte critique / autres crédits,Voiture (neuve),2122,< 100 DM,1-4 ans,3,Homme célibataire,Aucun,2,Immobilier,39,Aucun,Location,2,Non qualifié (résident),2,Non,Non,Bon client
< 0 DM (découvert),24,Crédits en cours remboursés,Meubles/Équipement,2996,Pas d'épargne,1-4 ans,2,Homme marié/veuf,Aucun,4,Voiture ou autre,20,Aucun,Propriétaire,1,Qualifié/Employé/Fonctionnaire,1,Non,Oui,Mauvais client
0-200 DM,36,Crédits en cours remboursés,Meubles/Équipement,9034,100-500 DM,< 1 an,4,Homme célibataire,Co-demandeur,1,Aucun patrimoine,29,Aucun,Location,1,Cadre/Indépendant/Dirigeant,1,Oui (à son nom),Oui,Mauvais client
Pas de compte,24,Compte critique / autres crédits,Meubles/Équipement,1585,< 100 DM,4-7 ans,4,Homme célibataire,Aucun,3,Épargne logement/Assurance vie,40,Aucun,Propriétaire,2,Qualifié/Employé/Fonctionnaire,1,Non,Oui,Bon client
0-200 DM,18,Crédits en cours remboursés,Radio/Télévision,1301,< 100 DM,>= 7 ans,4,Homme marié/veuf,Garant,2,Immobilier,32,Aucun,Propriétaire,1,Non qualifié (résident),1,Non,Oui,Bon client
>= 200 DM,6,Compte critique / autres crédits,Voiture (neuve),1323,100-500 DM,>= 7 ans,2,Homme divorcé/séparé,Aucun,4,Voiture ou autre,28,Aucun,Propriétaire,2,Qualifié/Employé/Fonctionnaire,2,Oui (à son nom),Oui,Bon client
< 0 DM (découvert),24,Crédits en cours remboursés,Voiture (neuve),3123,< 100 DM,< 1 an,4,Femme divorcée/mariée,Aucun,1,Épargne logement/Assurance vie,27,Aucun,Propriétaire,1,Qualifié/Employé/Fonctionnaire,1,Non,Oui,Mauvais client
< 0 DM (découvert),36,Crédits en cours remboursés,Voiture (occasion),5493,< 100 DM,>= 7 ans,2,Homme célibataire,Aucun,4,Aucun patrimoine,42,Aucun,Gratuit,1,Qualifié/Employé/Fonctionnaire,2,Non,Oui,Bon client
>= 200 DM,9,Crédits en cours remboursés,Radio/Télévision,1126,100-500 DM,>= 7 ans,2,Homme divorcé/séparé,Aucun,4,Immobilier,49,Aucun,Propriétaire,1,Qualifié/Employé/Fonctionnaire,1,Non,Oui,Bon client
0-200 DM,24,Compte critique / autres crédits,Radio/Télévision,1216,100-500 DM,< 1 an,4,Homme célibataire,Aucun,4,Aucun patrimoine,38,Banque,Propriétaire,2,Qualifié/Employé/Fonctionnaire,2,Non,Oui,Mauvais client
< 0 DM (découvert),24,Crédits en cours remboursés,Voiture (neuve),1207,< 100 DM,< 1 an,4,Femme divorcée/mariée,Aucun,4,Épargne logement/Assurance vie,24,Aucun,Location,1,Qualifié/Employé/Fonctionnaire,1,Non,Oui,Mauvais client
Pas de compte,10,Crédits en cours remboursés,Voiture (neuve),1309,Pas d'épargne,1-4 ans,4,Homme célibataire,Garant,4,Épargne logement/Assurance vie,27,Aucun,Propriétaire,1,Non qualifié (résident),1,Non,Oui,Mauvais client
>= 200 DM,15,Compte critique / autres crédits,Voiture (occasion),2360,500-1000 DM,1-4 ans,2,Homme célibataire,Aucun,2,Voiture ou autre,36,Aucun,Propriétaire,1,Qualifié/Employé/Fonctionnaire,1,Oui (à son nom),Oui,Bon client
0-200 DM,15,Tous crédits remboursés ici,Voiture (neuve),6850,100-500 DM,Sans emploi,1,Homme célibataire,Aucun,2,Épargne logement/Assurance vie,34,Aucun,Propriétaire,1,Cadre/Indépendant/Dirigeant,2,Oui (à son nom),Oui,Mauvais client
Pas de compte,24,Crédits en cours remboursés,Radio/Télévision,1413,< 100 DM,1-4 ans,4,Homme marié/veuf,Aucun,2,Épargne logement/Assurance vie,28,Aucun,Propriétaire,1,Qualifié/Employé/Fonctionnaire,1,Non,Oui,Bon client
Pas de compte,39,Crédits en cours remboursés,Voiture (occasion),8588,100-500 DM,>= 7 ans,4,Homme célibataire,Aucun,2,Voiture ou autre,45,Aucun,Propriétaire,1,Cadre/Indépendant/Dirigeant,1,Oui (à son nom),Oui,Bon client
< 0 DM (découvert),12,Crédits en cours remboursés,Voiture (neuve),759,< 100 DM,4-7 ans,4,Homme célibataire,Aucun,2,Immobilier,26,Aucun,Propriétaire,1,Qualifié/Employé/Fonctionnaire,1,Non,Oui,Mauvais client
Pas de compte,36,Crédits en cours remboursés,Voiture (occasion),4686,< 100 DM,1-4 ans,2,Homme célibataire,Aucun,2,Aucun patrimoine,32,Aucun,Gratuit,1,Cadre/Indépendant/Dirigeant,1,Oui (à son nom),Oui,Bon client
>= 200 DM,15,Crédits en cours remboursés,Business,2687,< 100 DM,4-7 ans,2,Homme célibataire,Aucun,4,Épargne logement/Assurance vie,26,Aucun,Location,1,Qualifié/Employé/Fonctionnaire,1,Oui (à son nom),Oui,Bon client
0-200 DM,12,Retards de paiement passés,Radio/Télévision,585,< 100 DM,1-4 ans,4,Homme marié/veuf,Co-demandeur,4,Immobilier,20,Aucun,Location,2,Qualifié/Employé/Fonctionnaire,1,Non,Oui,Bon client
Pas de compte,24,Crédits en cours remboursés,Voiture (neuve),2255,Pas d'épargne,< 1 an,4,Homme célibataire,Aucun,1,Épargne logement/Assurance vie,54,Aucun,Propriétaire,1,Qualifié/Employé/Fonctionnaire,1,Non,Oui,Bon client
< 0 DM (découvert),6,Compte critique / autres crédits,Voiture (neuve),609,< 100 DM,4-7 ans,4,Femme divorcée/mariée,Aucun,3,Épargne logement/Assurance vie,37,Aucun,Propriétaire,2,Qualifié/Employé/Fonctionnaire,1,Non,Non,Bon client
< 0 DM (découvert),6,Compte critique / autres crédits,Voiture (neuve),1361,< 100 DM,< 1 an,2,Homme célibataire,Aucun,4,Immobilier,40,Aucun,Propriétaire,1,Non qualifié (résident),2,Non,Non,Bon client
Pas de compte,36,Compte critique / autres crédits,Meubles/Équipement,7127,< 100 DM,< 1 an,2,Femme divorcée/mariée,Aucun,4,Épargne logement/Assurance vie,23,Aucun,Location,2,Qualifié/Employé/Fonctionnaire,1,Oui (à son nom),Oui,Mauvais client
< 0 DM (découvert),6,Crédits en cours remboursés,Voiture (neuve),1203,100-500 DM,>= 7 ans,3,Homme célibataire,Aucun,2,Épargne logement/Assurance vie,43,Aucun,Propriétaire,1,Qualifié/Employé/Fonctionnaire,1,Oui (à son nom),Oui,Bon client
Pas de compte,6,Compte critique / autres crédits,Radio/Télévision,700,Pas d'épargne,>= 7 ans,4,Homme célibataire,Aucun,4,Aucun patrimoine,36,Aucun,Gratuit,2,Qualifié/Employé/Fonctionnaire,1,Non,Oui,Bon client
Pas de compte,24,Compte critique / autres crédits,Réparations,5507,< 100 DM,>= 7 ans,3,Homme célibataire,Aucun,4,Aucun patrimoine,44,Aucun,Gratuit,2,Qualifié/Employé/Fonctionnaire,1,Non,Oui,Bon client
< 0 DM (découvert),18,Crédits en cours remboursés,Radio/Télévision,3190,< 100 DM,1-4 ans,2,Femme divorcée/mariée,Aucun,2,Immobilier,24,Aucun,Propriétaire,1,Qualifié/Employé/Fonctionnaire,1,Non,Oui,Mauvais client
< 0 DM (découvert),48,Aucun crédit / tous remboursés,Meubles/Équipement,7119,< 100 DM,1-4 ans,3,Homme célibataire,Aucun,4,Aucun patrimoine,53,Aucun,Gratuit,2,Qualifié/Employé/Fonctionnaire,2,Non,Oui,Mauvais client
Pas de compte,24,Crédits en cours remboursés,Voiture (occasion),3488,100-500 DM,4-7 ans,3,Femme divorcée/mariée,Aucun,4,Voiture ou autre,23,Aucun,Propriétaire,1,Qualifié/Employé/Fonctionnaire,1,Non,Oui,Bon client
0-200 DM,18,Crédits en cours remboursés,Radio/Télévision,1113,< 100 DM,1-4 ans,4,Femme divorcée/mariée,Garant,4,Immobilier,26,Aucun,Propriétaire,1,Non qualifié (résident),2,Non,Oui,Bon client
0-200 DM,26,Crédits en cours remboursés,Voiture (occasion),7966,< 100 DM,< 1 an,2,Homme célibataire,Aucun,3,Voiture ou autre,30,Aucun,Propriétaire,2,Qualifié/Employé/Fonctionnaire,1,Non,Oui,Bon client
Pas de compte,15,Compte critique / autres crédits,Éducation,1532,100-500 DM,1-4 ans,4,Femme divorcée/mariée,Aucun,3,Voiture ou autre,31,Aucun,Propriétaire,1,Qualifié/Employé/Fonctionnaire,1,Non,Oui,Bon client
Pas de compte,4,Compte critique / autres crédits,Radio/Télévision,1503,< 100 DM,4-7 ans,2,Homme célibataire,Aucun,1,Immobilier,42,Aucun,Propriétaire,2,Non qualifié (résident),2,Non,Oui,Bon client
< 0 DM (découvert),36,Crédits en cours remboursés,Radio/Télévision,2302,< 100 DM,1-4 ans,4,Homme divorcé/séparé,Aucun,4,Voiture ou autre,31,Aucun,Location,1,Qualifié/Employé/Fonctionnaire,1,Non,Oui,Mauvais client
< 0 DM (découvert),6,Crédits en cours remboursés,Voiture (neuve),662,< 100 DM,< 1 an,3,Homme célibataire,Aucun,4,Immobilier,41,Aucun,Propriétaire,1,Non qualifié (résident),2,Oui (à son nom),Oui,Bon client
0-200 DM,36,Crédits en cours remboursés,Éducation,2273,< 100 DM,4-7 ans,3,Homme célibataire,Aucun,1,Voiture ou autre,32,Aucun,Propriétaire,2,Qualifié/Employé/Fonctionnaire,2,Non,Oui,Bon client
0-200 DM,15,Crédits en cours remboursés,Voiture (neuve),2631,100-500 DM,1-4 ans,2,Femme divorcée/mariée,Aucun,4,Voiture ou autre,28,Aucun,Location,2,Qualifié/Employé/Fonctionnaire,1,Oui (à son nom),Oui,Mauvais client
Pas de compte,12,Retards de paiement passés,Voiture (occasion),1503,< 100 DM,1-4 ans,4,Homme marié/veuf,Aucun,4,Immobilier,41,Aucun,Location,1,Qualifié/Employé/Fonctionnaire,1,Non,Oui,Bon client
Pas de compte,24,Crédits en cours remboursés,Radio/Télévision,1311,100-500 DM,4-7 ans,4,Homme marié/veuf,Aucun,3,Épargne logement/Assurance vie,26,Aucun,Propriétaire,1,Qualifié/Employé/Fonctionnaire,1,Oui (à son nom),Oui,Bon client
Pas de compte,24,Crédits en cours remboursés,Radio/Télévision,3105,Pas d'épargne,< 1 an,4,Homme célibataire,Aucun,2,Voiture ou autre,25,Aucun,Propriétaire,2,Qualifié/Employé/Fonctionnaire,1,Non,Oui,Bon client
>= 200 DM,21,Compte critique / autres crédits,Éducation,2319,< 100 DM,< 1 an,2,Homme divorcé/séparé,Aucun,1,Voiture ou autre,33,Aucun,Location,1,Qualifié/Employé/Fonctionnaire,1,Non,Oui,Mauvais client
< 0 DM (découvert),6,Crédits en cours remboursés,Voiture (neuve),1374,Pas d'épargne,Sans emploi,4,Femme divorcée/mariée,Aucun,3,Épargne logement/Assurance vie,75,Aucun,Propriétaire,1,Cadre/Indépendant/Dirigeant,1,Oui (à son nom),Oui,Bon client
0-200 DM,18,Compte critique / autres crédits,Meubles/Équipement,3612,< 100 DM,>= 7 ans,3,Femme divorcée/mariée,Aucun,4,Épargne logement/Assurance vie,37,Aucun,Propriétaire,1,Qualifié/Employé/Fonctionnaire,1,Oui (à son nom),Oui,Bon client
< 0 DM (découvert),48,Crédits en cours remboursés,Voiture (neuve),7763,< 100 DM,>= 7 ans,4,Homme célibataire,Aucun,4,Aucun patrimoine,42,Banque,Gratuit,1,Cadre/Indépendant/Dirigeant,1,Non,Oui,Mauvais client
>= 200 DM,18,Crédits en cours remboursés,Meubles/Équipement,3049,< 100 DM,< 1 an,1,Femme divorcée/mariée,Aucun,1,Épargne logement/Assurance vie,45,Magasins,Propriétaire,1,Non qualifié (résident),1,Non,Oui,Bon client
0-200 DM,12,Crédits en cours remboursés,Radio/Télévision,1534,< 100 DM,< 1 an,1,Homme marié/veuf,Aucun,1,Immobilier,23,Aucun,Location,1,Qualifié/Employé/Fonctionnaire,1,Non,Oui,Mauvais client
Pas de compte,24,Retards de paiement passés,Voiture (neuve),2032,< 100 DM,>= 7 ans,4,Homme célibataire,Aucun,4,Aucun patrimoine,60,Aucun,Gratuit,2,Qualifié/Employé/Fonctionnaire,1,Oui (à son nom),Oui,Bon client
< 0 DM (découvert),30,Crédits en cours remboursés,Meubles/Équipement,6350,Pas d'épargne,>= 7 ans,4,Homme célibataire,Aucun,4,Épargne logement/Assurance vie,31,Aucun,Propriétaire,1,Qualifié/Employé/Fonctionnaire,1,Non,Oui,Mauvais client
>= 200 DM,18,Crédits en cours remboursés,Meubles/Équipement,2864,< 100 DM,1-4 ans,2,Homme célibataire,Aucun,1,Immobilier,34,Aucun,Propriétaire,1,Non qualifié (résident),2,Non,Oui,Mauvais client
Pas de compte,12,Compte critique / autres crédits,Voiture (neuve),1255,< 100 DM,>= 7 ans,4,Homme célibataire,Aucun,4,Immobilier,61,Aucun,Propriétaire,2,Non qualifié (résident),1,Non,Oui,Bon client
< 0 DM (découvert),24,Retards de paiement passés,Voiture (neuve),1333,< 100 DM,Sans emploi,4,Homme célibataire,Aucun,2,Immobilier,43,Aucun,Gratuit,2,Qualifié/Employé/Fonctionnaire,2,Non,Oui,Mauvais client
Pas de compte,24,Compte critique / autres crédits,Voiture (neuve),2022,< 100 DM,1-4 ans,4,Femme divorcée/mariée,Aucun,4,Voiture ou autre,37,Aucun,Propriétaire,1,Qualifié/Employé/Fonctionnaire,1,Oui (à son nom),Oui,Bon client
Pas de compte,24,Crédits en cours remboursés,Radio/Télévision,1552,< 100 DM,4-7 ans,3,Homme célibataire,Aucun,1,Voiture ou autre,32,Banque,Propriétaire,1,Qualifié/Employé/Fonctionnaire,2,Non,Oui,Bon client
< 0 DM (découvert),12,Tous crédits remboursés ici,Radio/Télévision,626,< 100 DM,1-4 ans,4,Femme divorcée/mariée,Aucun,4,Immobilier,24,Banque,Propriétaire,1,Non qualifié (résident),1,Non,Oui,Mauvais client
Pas de compte,48,Compte critique / autres crédits,Voiture (occasion),8858,Pas d'épargne,4-7 ans,2,Homme célibataire,Aucun,1,Aucun patrimoine,35,Aucun,Gratuit,2,Qualifié/Employé/Fonctionnaire,1,Oui (à son nom),Oui,Bon client
Pas de compte,12,Compte critique / autres crédits,Réparations,996,Pas d'épargne,4-7 ans,4,Femme divorcée/mariée,Aucun,4,Immobilier,23,Aucun,Propriétaire,2,Qualifié/Employé/Fonctionnaire,1,Non,Oui,Bon client
Pas de compte,6,Tous crédits remboursés ici,Radio/Télévision,1750,500-1000 DM,>= 7 ans,2,Homme célibataire,Aucun,4,Épargne logement/Assurance vie,45,Banque,Propriétaire,1,Non qualifié (résident),2,Non,Oui,Bon client
< 0 DM (découvert),48,Crédits en cours remboursés,Radio/Télévision,6999,< 100 DM,4-7 ans,1,Homme marié/veuf,Garant,1,Immobilier,34,Aucun,Propriétaire,2,Qualifié/Employé/Fonctionnaire,1,Oui (à son nom),Oui,Mauvais client
0-200 DM,12,Compte critique / autres crédits,Voiture (neuve),1995,100-500 DM,< 1 an,4,Homme célibataire,Aucun,1,Voiture ou autre,27,Aucun,Propriétaire,1,Qualifié/Employé/Fonctionnaire,1,Non,Oui,Bon client
0-200 DM,9,Crédits en cours remboursés,Éducation,1199,< 100 DM,4-7 ans,4,Femme divorcée/mariée,Aucun,4,Épargne logement/Assurance vie,67,Aucun,Propriétaire,2,Cadre/Indépendant/Dirigeant,1,Oui (à son nom),Oui,Bon client
0-200 DM,12,Crédits en cours remboursés,Radio/Télévision,1331,< 100 DM,< 1 an,2,Homme célibataire,Aucun,1,Voiture ou autre,22,Magasins,Propriétaire,1,Qualifié/Employé/Fonctionnaire,1,Non,Oui,Mauvais client
0-200 DM,18,Aucun crédit / tous remboursés,Voiture (neuve),2278,100-500 DM,< 1 an,3,Femme divorcée/mariée,Aucun,3,Voiture ou autre,28,Aucun,Propriétaire,2,Qualifié/Employé/Fonctionnaire,1,Non,Oui,Mauvais client
Pas de compte,21,Aucun crédit / tous remboursés,Voiture (neuve),5003,Pas d'épargne,1-4 ans,1,Femme divorcée/mariée,Aucun,4,Épargne logement/Assurance vie,29,Banque,Propriétaire,2,Qualifié/Employé/Fonctionnaire,1,Oui (à son nom),Oui,Mauvais client
< 0 DM (découvert),24,Tous crédits remboursés ici,Meubles/Équipement,3552,< 100 DM,4-7 ans,3,Homme célibataire,Aucun,4,Voiture ou autre,27,Banque,Propriétaire,1,Qualifié/Employé/Fonctionnaire,1,Non,Oui,Mauvais client
0-200 DM,18,Compte critique / autres crédits,Meubles/Équipement,1928,< 100 DM,< 1 an,2,Homme célibataire,Aucun,2,Immobilier,31,Aucun,Propriétaire,2,Non qualifié (résident),1,Non,Oui,Mauvais client
< 0 DM (découvert),24,Crédits en cours remboursés,Voiture (occasion),2964,Pas d'épargne,>= 7 ans,4,Homme célibataire,Aucun,4,Aucun patrimoine,49,Banque,Gratuit,1,Qualifié/Employé/Fonctionnaire,2,Oui (à son nom),Oui,Bon client
< 0 DM (découvert),24,Tous crédits remboursés ici,Radio/Télévision,1546,< 100 DM,4-7 ans,4,Homme célibataire,Garant,4,Voiture ou autre,24,Banque,Location,1,Non qualifié (résident),1,Non,Oui,Mauvais client
>= 200 DM,6,Retards de paiement passés,Radio/Télévision,683,< 100 DM,< 1 an,2,Femme divorcée/mariée,Aucun,1,Épargne logement/Assurance vie,29,Banque,Propriétaire,1,Qualifié/Employé/Fonctionnaire,1,Non,Oui,Bon client
0-200 DM,36,Crédits en cours remboursés,Voiture (neuve),12389,Pas d'épargne,1-4 ans,1,Homme célibataire,Aucun,4,Aucun patrimoine,37,Aucun,Gratuit,1,Qualifié/Employé/Fonctionnaire,1,Oui (à son nom),Oui,Mauvais client
0-200 DM,24,Retards de paiement passés,Business,4712,Pas d'épargne,1-4 ans,4,Homme célibataire,Aucun,2,Épargne logement/Assurance vie,37,Banque,Propriétaire,2,Cadre/Indépendant/Dirigeant,1,Oui (à son nom),Oui,Bon client
0-200 DM,24,Retards de paiement passés,Radio/Télévision,1553,100-500 DM,4-7 ans,3,Femme divorcée/mariée,Aucun,2,Épargne logement/Assurance vie,23,Aucun,Location,2,Qualifié/Employé/Fonctionnaire,1,Oui (à son nom),Oui,Bon client
< 0 DM (découvert),12,Crédits en cours remboursés,Voiture (neuve),1372,< 100 DM,4-7 ans,2,Homme divorcé/séparé,Aucun,3,Voiture ou autre,36,Aucun,Propriétaire,1,Qualifié/Employé/Fonctionnaire,1,Non,Oui,Mauvais client
Pas de compte,24,Compte critique / autres crédits,Radio/Télévision,2578,>= 1000 DM,>= 7 ans,2,Homme célibataire,Aucun,2,Voiture ou autre,34,Aucun,Propriétaire,1,Qualifié/Employé/Fonctionnaire,1,Non,Oui,Bon client
0-200 DM,48,Crédits en cours remboursés,Radio/Télévision,3979,Pas d'épargne,4-7 ans,4,Homme célibataire,Aucun,1,Voiture ou autre,41,Aucun,Propriétaire,2,Qualifié/Employé/Fonctionnaire,2,Oui (à son nom),Oui,Bon client
< 0 DM (découvert),48,Crédits en cours remboursés,Radio/Télévision,6758,< 100 DM,1-4 ans,3,Femme divorcée/mariée,Aucun,2,Voiture ou autre,31,Aucun,Propriétaire,1,Qualifié/Employé/Fonctionnaire,1,Oui (à son nom),Oui,Mauvais client
< 0 DM (découvert),24,Crédits en cours remboursés,Meubles/Équipement,3234,< 100 DM,< 1 an,4,Femme divorcée/mariée,Aucun,4,Immobilier,23,Aucun,Location,1,Non qualifié (résident),1,Oui (à son nom),Oui,Mauvais client
Pas de compte,30,Compte critique / autres crédits,Radio/Télévision,5954,< 100 DM,4-7 ans,3,Homme célibataire,Co-demandeur,2,Voiture ou autre,38,Aucun,Propriétaire,1,Qualifié/Employé/Fonctionnaire,1,Non,Oui,Bon client
Pas de compte,24,Crédits en cours remboursés,Voiture (occasion),5433,Pas d'épargne,Sans emploi,2,Femme divorcée/mariée,Aucun,4,Épargne logement/Assurance vie,26,Aucun,Location,1,Cadre/Indépendant/Dirigeant,1,Oui (à son nom),Oui,Bon client
< 0 DM (découvert),15,Crédits en cours remboursés,Business,806,< 100 DM,1-4 ans,4,Femme divorcée/mariée,Aucun,4,Épargne logement/Assurance vie,22,Aucun,Propriétaire,1,Non qualifié (résident),1,Non,Oui,Bon client
0-200 DM,9,Crédits en cours remboursés,Radio/Télévision,1082,< 100 DM,>= 7 ans,4,Homme célibataire,Aucun,4,Voiture ou autre,27,Aucun,Propriétaire,2,Non qualifié (résident),1,Non,Oui,Bon client
Pas de compte,15,Compte critique / autres crédits,Meubles/Équipement,2788,< 100 DM,4-7 ans,2,Femme divorcée/mariée,Co-demandeur,3,Voiture ou autre,24,Banque,Propriétaire,2,Qualifié/Employé/Fonctionnaire,1,Non,Oui,Bon client
0-200 DM,12,Crédits en cours remboursés,Radio/Télévision,2930,< 100 DM,4-7 ans,2,Femme divorcée/mariée,Aucun,1,Immobilier,27,Aucun,Propriétaire,1,Qualifié/Employé/Fonctionnaire,1,Non,Oui,Bon client
Pas de compte,24,Compte critique / autres crédits,Éducation,1927,Pas d'épargne,1-4 ans,3,Femme divorcée/mariée,Aucun,2,Voiture ou autre,33,Aucun,Propriétaire,2,Qualifié/Employé/Fonctionnaire,1,Oui (à son nom),Oui,Bon client
0-200 DM,36,Compte critique / autres crédits,Voiture (neuve),2820,< 100 DM,< 1 an,4,Homme divorcé/séparé,Aucun,4,Voiture ou autre,27,Aucun,Propriétaire,2,Qualifié/Employé/Fonctionnaire,1,Non,Oui,Mauvais client
Pas de compte,24,Crédits en cours remboursés,Reconversion pro,937,< 100 DM,< 1 an,4,Homme marié/veuf,Aucun,3,Voiture ou autre,27,Aucun,Propriétaire,2,Non qualifié (résident),1,Non,Oui,Bon client
0-200 DM,18,Compte critique / autres crédits,Voiture (neuve),1056,< 100 DM,>= 7 ans,3,Homme célibataire,Garant,3,Immobilier,30,Banque,Propriétaire,2,Qualifié/Employé/Fonctionnaire,1,Non,Oui,Mauvais client
0-200 DM,12,Compte critique / autres crédits,Voiture (neuve),3124,< 100 DM,< 1 an,1,Homme célibataire,Aucun,3,Immobilier,49,Banque,Propriétaire,2,Non qualifié (résident),2,Non,Oui,Bon client
Pas de compte,9,Crédits en cours remboursés,Meubles/Équipement,1388,< 100 DM,1-4 ans,4,Femme divorcée/mariée,Aucun,2,Immobilier,26,Aucun,Location,1,Qualifié/Employé/Fonctionnaire,1,Non,Oui,Bon client
0-200 DM,36,Crédits en cours remboursés,Réparations,2384,< 100 DM,< 1 an,4,Homme célibataire,Aucun,1,Aucun patrimoine,33,Aucun,Location,1,Non qualifié (résident),1,Non,Oui,Mauvais client
Pas de compte,12,Crédits en cours remboursés,Voiture (neuve),2133,Pas d'épargne,>= 7 ans,4,Femme divorcée/mariée,Aucun,4,Aucun patrimoine,52,Aucun,Gratuit,1,Cadre/Indépendant/Dirigeant,1,Oui (à son nom),Oui,Bon client
< 0 DM (découvert),18,Crédits en cours remboursés,Meubles/Équipement,2039,< 100 DM,1-4 ans,1,Femme divorcée/mariée,Aucun,4,Immobilier,20,Banque,Location,1,Qualifié/Employé/Fonctionnaire,1,Non,Oui,Mauvais client
< 0 DM (découvert),9,Compte critique / autres crédits,Voiture (neuve),2799,< 100 DM,1-4 ans,2,Homme célibataire,Aucun,2,Immobilier,36,Aucun,Location,2,Qualifié/Employé/Fonctionnaire,2,Non,Oui,Bon client
< 0 DM (découvert),12,Crédits en cours remboursés,Meubles/Équipement,1289,< 100 DM,1-4 ans,4,Homme célibataire,Garant,1,Épargne logement/Assurance vie,21,Aucun,Propriétaire,1,Non qualifié (résident),1,Non,Oui,Bon client
< 0 DM (découvert),18,Crédits en cours remboursés,Électroménager,1217,< 100 DM,1-4 ans,4,Homme marié/veuf,Aucun,3,Immobilier,47,Aucun,Propriétaire,1,Non qualifié (résident),1,Oui (à son nom),Oui,Mauvais client
< 0 DM (découvert),12,Compte critique / autres crédits,Meubles/Équipement,2246,< 100 DM,>= 7 ans,3,Homme célibataire,Aucun,3,Épargne logement/Assurance vie,60,Aucun,Propriétaire,2,Qualifié/Employé/Fonctionnaire,1,Non,Oui,Mauvais client
< 0 DM (découvert),12,Compte critique / autres crédits,Radio/Télévision,385,< 100 DM,4-7 ans,4,Femme divorcée/mariée,Aucun,3,Immobilier,58,Aucun,Propriétaire,4,Non qualifié (résident),1,Oui (à son nom),Oui,Bon client
0-200 DM,24,Retards de paiement passés,Voiture (neuve),1965,Pas d'épargne,1-4 ans,4,Femme divorcée/mariée,Aucun,4,Voiture ou autre,42,Aucun,Location,2,Qualifié/Employé/Fonctionnaire,1,Oui (à son nom),Oui,Bon client
Pas de compte,21,Crédits en cours remboursés,Business,1572,>= 1000 DM,>= 7 ans,4,Femme divorcée/mariée,Aucun,4,Immobilier,36,Banque,Propriétaire,1,Non qualifié (résident),1,Non,Oui,Bon client
0-200 DM,24,Crédits en cours remboursés,Voiture (neuve),2718,< 100 DM,1-4 ans,3,Femme divorcée/mariée,Aucun,4,Épargne logement/Assurance vie,20,Aucun,Location,1,Non qualifié (résident),1,Oui (à son nom),Oui,Mauvais client
< 0 DM (découvert),24,Tous crédits remboursés ici,Autres,1358,Pas d'épargne,>= 7 ans,4,Homme célibataire,Aucun,3,Voiture ou autre,40,Magasins,Propriétaire,1,Cadre/Indépendant/Dirigeant,1,Oui (à son nom),Oui,Mauvais client
0-200 DM,6,Tous crédits remboursés ici,Voiture (neuve),931,100-500 DM,< 1 an,1,Femme divorcée/mariée,Aucun,1,Épargne logement/Assurance vie,32,Magasins,Propriétaire,1,Non qualifié (résident),1,Non,Oui,Mauvais client
< 0 DM (découvert),24,Crédits en cours remboursés,Voiture (neuve),1442,< 100 DM,4-7 ans,4,Femme divorcée/mariée,Aucun,4,Voiture ou autre,23,Aucun,Location,2,Qualifié/Employé/Fonctionnaire,1,Non,Oui,Mauvais client
0-200 DM,24,Aucun crédit / tous remboursés,Business,4241,< 100 DM,1-4 ans,1,Homme célibataire,Aucun,4,Immobilier,36,Aucun,Propriétaire,3,Non qualifié (résident),1,Oui (à son nom),Oui,Mauvais client
Pas de compte,18,Compte critique / autres crédits,Voiture (neuve),2775,< 100 DM,4-7 ans,2,Homme célibataire,Aucun,2,Épargne logement/Assurance vie,31,Banque,Propriétaire,2,Qualifié/Employé/Fonctionnaire,1,Non,Oui,Mauvais client
Pas de compte,24,Retards de paiement passés,Business,3863,< 100 DM,1-4 ans,1,Homme célibataire,Aucun,2,Aucun patrimoine,32,Aucun,Gratuit,1,Qualifié/Employé/Fonctionnaire,1,Non,Oui,Bon client
0-200 DM,7,Crédits en cours remboursés,Radio/Télévision,2329,< 100 DM,< 1 an,1,Femme divorcée/mariée,Garant,1,Immobilier,45,Aucun,Propriétaire,1,Qualifié/Employé/Fonctionnaire,1,Non,Oui,Bon client
0-200 DM,9,Crédits en cours remboursés,Meubles/Équipement,918,< 100 DM,1-4 ans,4,Femme divorcée/mariée,Aucun,1,Épargne logement/Assurance vie,30,Aucun,Propriétaire,1,Qualifié/Employé/Fonctionnaire,1,Non,Oui,Mauvais client
0-200 DM,24,Tous crédits remboursés ici,Éducation,1837,< 100 DM,4-7 ans,4,Femme divorcée/mariée,Aucun,4,Aucun patrimoine,34,Banque,Gratuit,1,Non qualifié (résident),1,Non,Oui,Mauvais client
Pas de compte,36,Crédits en cours remboursés,Meubles/Équipement,3349,< 100 DM,1-4 ans,4,Femme divorcée/mariée,Aucun,2,Voiture ou autre,28,Aucun,Propriétaire,1,Cadre/Indépendant/Dirigeant,1,Oui (à son nom),Oui,Mauvais client
>= 200 DM,10,Crédits en cours remboursés,Meubles/Équipement,1275,< 100 DM,< 1 an,4,Femme divorcée/mariée,Aucun,2,Épargne logement/Assurance vie,23,Aucun,Propriétaire,1,Qualifié/Employé/Fonctionnaire,1,Non,Oui,Bon client
< 0 DM (découvert),24,Tous crédits remboursés ici,Meubles/Équipement,2828,500-1000 DM,1-4 ans,4,Homme célibataire,Aucun,4,Immobilier,22,Magasins,Propriétaire,1,Qualifié/Employé/Fonctionnaire,1,Oui (à son nom),Oui,Bon client
Pas de compte,24,Compte critique / autres crédits,Business,4526,< 100 DM,1-4 ans,3,Homme célibataire,Aucun,2,Immobilier,74,Aucun,Propriétaire,1,Cadre/Indépendant/Dirigeant,1,Oui (à son nom),Oui,Bon client
0-200 DM,36,Crédits en cours remboursés,Radio/Télévision,2671,100-500 DM,1-4 ans,4,Femme divorcée/mariée,Co-demandeur,4,Aucun patrimoine,50,Aucun,Gratuit,1,Qualifié/Employé/Fonctionnaire,1,Non,Oui,Mauvais client
Pas de compte,18,Crédits en cours remboursés,Radio/Télévision,2051,< 100 DM,< 1 an,4,Homme célibataire,Aucun,1,Immobilier,33,Aucun,Propriétaire,1,Qualifié/Employé/Fonctionnaire,1,Non,Oui,Bon client
Pas de compte,15,Crédits en cours remboursés,Voiture (occasion),1300,Pas d'épargne,>= 7 ans,4,Homme célibataire,Aucun,4,Aucun patrimoine,45,Banque,Gratuit,1,Qualifié/Employé/Fonctionnaire,2,Non,Oui,Bon client
< 0 DM (découvert),12,Crédits en cours remboursés,Électroménager,741,100-500 DM,Sans emploi,4,Femme divorcée/mariée,Aucun,3,Épargne logement/Assurance vie,22,Aucun,Propriétaire,1,Qualifié/Employé/Fonctionnaire,1,Non,Oui,Mauvais client
>= 200 DM,10,Crédits en cours remboursés,Voiture (neuve),1240,100-500 DM,>= 7 ans,1,Femme divorcée/mariée,Aucun,4,Aucun patrimoine,48,Aucun,Gratuit,1,Non qualifié (résident),2,Non,Oui,Mauvais client
< 0 DM (découvert),21,Crédits en cours remboursés,Radio/Télévision,3357,>= 1000 DM,< 1 an,4,Femme divorcée/mariée,Aucun,2,Voiture ou autre,29,Banque,Propriétaire,1,Qualifié/Employé/Fonctionnaire,1,Non,Oui,Bon client
< 0 DM (découvert),24,Tous crédits remboursés ici,Voiture (occasion),3632,< 100 DM,1-4 ans,1,Femme divorcée/mariée,Garant,4,Voiture ou autre,22,Banque,Location,1,Qualifié/Employé/Fonctionnaire,1,Non,Non,Bon client
Pas de compte,18,Retards de paiement passés,Meubles/Équipement,1808,< 100 DM,4-7 ans,4,Femme divorcée/mariée,Aucun,1,Immobilier,22,Aucun,Propriétaire,1,Qualifié/Employé/Fonctionnaire,1,Non,Oui,Mauvais client
0-200 DM,48,Aucun crédit / tous remboursés,Business,12204,Pas d'épargne,1-4 ans,2,Homme célibataire,Aucun,2,Voiture ou autre,48,Banque,Propriétaire,1,Cadre/Indépendant/Dirigeant,1,Oui (à son nom),Oui,Bon client
0-200 DM,60,Retards de paiement passés,Radio/Télévision,9157,Pas d'épargne,1-4 ans,2,Homme célibataire,Aucun,2,Aucun patrimoine,27,Aucun,Gratuit,1,Cadre/Indépendant/Dirigeant,1,Non,Oui,Bon client
< 0 DM (découvert),6,Compte critique / autres crédits,Voiture (neuve),3676,< 100 DM,1-4 ans,1,Homme célibataire,Aucun,3,Immobilier,37,Aucun,Location,3,Qualifié/Employé/Fonctionnaire,2,Non,Oui,Bon client
0-200 DM,30,Crédits en cours remboursés,Meubles/Équipement,3441,100-500 DM,1-4 ans,2,Femme divorcée/mariée,Co-demandeur,4,Voiture ou autre,21,Aucun,Location,1,Qualifié/Employé/Fonctionnaire,1,Non,Oui,Mauvais client
Pas de compte,12,Crédits en cours remboursés,Voiture (neuve),640,< 100 DM,1-4 ans,4,Homme divorcé/séparé,Aucun,2,Immobilier,49,Aucun,Propriétaire,1,Non qualifié (résident),1,Non,Oui,Bon client
0-200 DM,21,Compte critique / autres crédits,Business,3652,< 100 DM,4-7 ans,2,Homme célibataire,Aucun,3,Épargne logement/Assurance vie,27,Aucun,Propriétaire,2,Qualifié/Employé/Fonctionnaire,1,Non,Oui,Bon client
Pas de compte,18,Compte critique / autres crédits,Voiture (neuve),1530,< 100 DM,1-4 ans,3,Homme célibataire,Aucun,2,Épargne logement/Assurance vie,32,Banque,Propriétaire,2,Qualifié/Employé/Fonctionnaire,1,Non,Oui,Mauvais client
Pas de compte,48,Crédits en cours remboursés,Business,3914,Pas d'épargne,1-4 ans,4,Homme divorcé/séparé,Aucun,2,Immobilier,38,Banque,Propriétaire,1,Qualifié/Employé/Fonctionnaire,1,Non,Oui,Mauvais client
< 0 DM (découvert),12,Crédits en cours remboursés,Meubles/Équipement,1858,< 100 DM,< 1 an,4,Femme divorcée/mariée,Aucun,1,Voiture ou autre,22,Aucun,Location,1,Qualifié/Employé/Fonctionnaire,1,Non,Oui,Bon client
< 0 DM (découvert),18,Crédits en cours remboursés,Radio/Télévision,2600,< 100 DM,1-4 ans,4,Homme célibataire,Aucun,4,Aucun patrimoine,65,Aucun,Gratuit,2,Qualifié/Employé/Fonctionnaire,1,Non,Oui,Mauvais client
Pas de compte,15,Crédits en cours remboursés,Radio/Télévision,1979,Pas d'épargne,>= 7 ans,4,Homme célibataire,Aucun,2,Voiture ou autre,35,Aucun,Propriétaire,1,Qualifié/Employé/Fonctionnaire,1,Non,Oui,Bon client
>= 200 DM,6,Crédits en cours remboursés,Meubles/Équipement,2116,< 100 DM,1-4 ans,2,Homme célibataire,Aucun,2,Immobilier,41,Aucun,Propriétaire,1,Qualifié/Employé/Fonctionnaire,1,Oui (à son nom),Oui,Bon client
0-200 DM,9,Tous crédits remboursés ici,Voiture (neuve),1437,100-500 DM,4-7 ans,2,Homme célibataire,Aucun,3,Aucun patrimoine,29,Aucun,Propriétaire,1,Qualifié/Employé/Fonctionnaire,1,Non,Oui,Mauvais client
Pas de compte,42,Compte critique / autres crédits,Meubles/Équipement,4042,500-1000 DM,1-4 ans,4,Homme célibataire,Aucun,4,Immobilier,36,Aucun,Propriétaire,2,Qualifié/Employé/Fonctionnaire,1,Oui (à son nom),Oui,Bon client
Pas de compte,9,Crédits en cours remboursés,Éducation,3832,Pas d'épargne,>= 7 ans,1,Homme célibataire,Aucun,4,Immobilier,64,Aucun,Propriétaire,1,Non qualifié (résident),1,Non,Oui,Bon client
< 0 DM (découvert),24,Crédits en cours remboursés,Radio/Télévision,3660,< 100 DM,1-4 ans,2,Femme divorcée/mariée,Aucun,4,Voiture ou autre,28,Aucun,Propriétaire,1,Qualifié/Employé/Fonctionnaire,1,Non,Oui,Bon client
< 0 DM (découvert),18,Tous crédits remboursés ici,Meubles/Équipement,1553,< 100 DM,1-4 ans,4,Homme célibataire,Aucun,3,Voiture ou autre,44,Banque,Propriétaire,1,Qualifié/Employé/Fonctionnaire,1,Non,Oui,Mauvais client
0-200 DM,15,Crédits en cours remboursés,Radio/Télévision,1444,Pas d'épargne,< 1 an,4,Homme célibataire,Aucun,1,Épargne logement/Assurance vie,23,Aucun,Propriétaire,1,Qualifié/Employé/Fonctionnaire,1,Non,Oui,Bon client
Pas de compte,9,Crédits en cours remboursés,Meubles/Équipement,1980,< 100 DM,< 1 an,2,Femme divorcée/mariée,Co-demandeur,2,Voiture ou autre,19,Aucun,Location,2,Qualifié/Employé/Fonctionnaire,1,Non,Oui,Mauvais client
0-200 DM,24,Crédits en cours remboursés,Voiture (neuve),1355,< 100 DM,< 1 an,3,Femme divorcée/mariée,Aucun,4,Voiture ou autre,25,Aucun,Propriétaire,1,Non qualifié (résident),1,Oui (à son nom),Oui,Mauvais client
Pas de compte,12,Crédits en cours remboursés,Éducation,1393,< 100 DM,>= 7 ans,4,Homme célibataire,Aucun,4,Épargne logement/Assurance vie,47,Banque,Propriétaire,3,Qualifié/Employé/Fonctionnaire,2,Oui (à son nom),Oui,Bon client
Pas de compte,24,Crédits en cours remboursés,Radio/Télévision,1376,500-1000 DM,4-7 ans,4,Femme divorcée/mariée,Aucun,1,Voiture ou autre,28,Aucun,Propriétaire,1,Qualifié/Employé/Fonctionnaire,1,Non,Oui,Bon client
Pas de compte,60,Retards de paiement passés,Radio/Télévision,15653,< 100 DM,4-7 ans,2,Homme célibataire,Aucun,4,Voiture ou autre,21,Aucun,Propriétaire,2,Qualifié/Employé/Fonctionnaire,1,Oui (à son nom),Oui,Bon client
Pas de compte,12,Crédits en cours remboursés,Radio/Télévision,1493,< 100 DM,< 1 an,4,Femme divorcée/mariée,Aucun,3,Voiture ou autre,34,Aucun,Propriétaire,1,Qualifié/Employé/Fonctionnaire,2,Non,Oui,Bon client
< 0 DM (découvert),42,Retards de paiement passés,Radio/Télévision,4370,< 100 DM,4-7 ans,3,Homme célibataire,Aucun,2,Épargne logement/Assurance vie,26,Banque,Propriétaire,2,Qualifié/Employé/Fonctionnaire,2,Oui (à son nom),Oui,Mauvais client
< 0 DM (découvert),18,Crédits en cours remboursés,Éducation,750,< 100 DM,Sans emploi,4,Femme divorcée/mariée,Aucun,1,Immobilier,27,Aucun,Propriétaire,1,Sans emploi/Non qualifié (non-résident),1,Non,Oui,Mauvais client
0-200 DM,15,Crédits en cours remboursés,Réparations,1308,< 100 DM,>= 7 ans,4,Homme célibataire,Aucun,4,Voiture ou autre,38,Aucun,Propriétaire,2,Non qualifié (résident),1,Non,Oui,Bon client
Pas de compte,15,Crédits en cours remboursés,Éducation,4623,100-500 DM,1-4 ans,3,Homme célibataire,Aucun,2,Épargne logement/Assurance vie,40,Aucun,Propriétaire,1,Cadre/Indépendant/Dirigeant,1,Oui (à son nom),Oui,Mauvais client
Pas de compte,24,Compte critique / autres crédits,Radio/Télévision,1851,< 100 DM,4-7 ans,4,Homme marié/veuf,Garant,2,Voiture ou autre,33,Aucun,Propriétaire,2,Qualifié/Employé/Fonctionnaire,1,Oui (à son nom),Oui,Bon client
< 0 DM (découvert),18,Compte critique / autres crédits,Radio/Télévision,1880,< 100 DM,4-7 ans,4,Homme marié/veuf,Aucun,1,Épargne logement/Assurance vie,32,Aucun,Propriétaire,2,Cadre/Indépendant/Dirigeant,1,Oui (à son nom),Oui,Bon client
Pas de compte,36,Retards de paiement passés,Business,7980,Pas d'épargne,< 1 an,4,Homme célibataire,Aucun,4,Voiture ou autre,27,Aucun,Location,2,Qualifié/Employé/Fonctionnaire,1,Oui (à son nom),Oui,Mauvais client
< 0 DM (découvert),30,Aucun crédit / tous remboursés,Meubles/Équipement,4583,< 100 DM,1-4 ans,2,Homme divorcé/séparé,Garant,2,Immobilier,32,Aucun,Propriétaire,2,Qualifié/Employé/Fonctionnaire,1,Non,Oui,Bon client
Pas de compte,12,Crédits en cours remboursés,Voiture (neuve),1386,500-1000 DM,1-4 ans,2,Femme divorcée/mariée,Aucun,2,Épargne logement/Assurance vie,26,Aucun,Propriétaire,1,Qualifié/Employé/Fonctionnaire,1,Non,Oui,Mauvais client
>= 200 DM,24,Crédits en cours remboursés,Voiture (neuve),947,< 100 DM,4-7 ans,4,Homme célibataire,Aucun,3,Aucun patrimoine,38,Banque,Gratuit,1,Qualifié/Employé/Fonctionnaire,2,Non,Oui,Mauvais client
< 0 DM (découvert),12,Crédits en cours remboursés,Éducation,684,< 100 DM,1-4 ans,4,Homme célibataire,Aucun,4,Voiture ou autre,40,Aucun,Location,1,Non qualifié (résident),2,Non,Oui,Mauvais client
< 0 DM (découvert),48,Crédits en cours remboursés,Éducation,7476,< 100 DM,4-7 ans,4,Homme célibataire,Aucun,1,Aucun patrimoine,50,Aucun,Gratuit,1,Cadre/Indépendant/Dirigeant,1,Oui (à son nom),Oui,Bon client
0-200 DM,12,Crédits en cours remboursés,Meubles/Équipement,1922,< 100 DM,1-4 ans,4,Homme célibataire,Aucun,2,Épargne logement/Assurance vie,37,Aucun,Propriétaire,1,Non qualifié (résident),1,Non,Oui,Mauvais client
< 0 DM (découvert),24,Crédits en cours remboursés,Voiture (neuve),2303,< 100 DM,>= 7 ans,4,Homme célibataire,Co-demandeur,1,Immobilier,45,Aucun,Propriétaire,1,Qualifié/Employé/Fonctionnaire,1,Non,Oui,Mauvais client
0-200 DM,36,Retards de paiement passés,Voiture (neuve),8086,100-500 DM,>= 7 ans,2,Homme célibataire,Aucun,4,Voiture ou autre,42,Aucun,Propriétaire,4,Cadre/Indépendant/Dirigeant,1,Oui (à son nom),Oui,Mauvais client
Pas de compte,24,Compte critique / autres crédits,Voiture (occasion),2346,< 100 DM,4-7 ans,4,Homme célibataire,Aucun,3,Voiture ou autre,35,Aucun,Propriétaire,2,Qualifié/Employé/Fonctionnaire,1,Oui (à son nom),Oui,Bon client
< 0 DM (découvert),14,Crédits en cours remboursés,Voiture (neuve),3973,< 100 DM,Sans emploi,1,Homme célibataire,Aucun,4,Aucun patrimoine,22,Aucun,Gratuit,1,Qualifié/Employé/Fonctionnaire,1,Non,Oui,Bon client
0-200 DM,12,Crédits en cours remboursés,Voiture (neuve),888,< 100 DM,>= 7 ans,4,Homme célibataire,Aucun,4,Voiture ou autre,41,Banque,Propriétaire,1,Non qualifié (résident),2,Non,Oui,Mauvais client
Pas de compte,48,Crédits en cours remboursés,Radio/Télévision,10222,Pas d'épargne,4-7 ans,4,Homme célibataire,Aucun,3,Voiture ou autre,37,Magasins,Propriétaire,1,Qualifié/Employé/Fonctionnaire,1,Oui (à son nom),Oui,Bon client
0-200 DM,30,Aucun crédit / tous remboursés,Business,4221,< 100 DM,1-4 ans,2,Femme divorcée/mariée,Aucun,1,Voiture ou autre,28,Aucun,Propriétaire,2,Qualifié/Employé/Fonctionnaire,1,Non,Oui,Bon client
0-200 DM,18,Compte critique / autres crédits,Meubles/Équipement,6361,< 100 DM,>= 7 ans,2,Homme célibataire,Aucun,1,Aucun patrimoine,41,Aucun,Propriétaire,1,Qualifié/Employé/Fonctionnaire,1,Oui (à son nom),Oui,Bon client
>= 200 DM,12,Crédits en cours remboursés,Radio/Télévision,1297,< 100 DM,1-4 ans,3,Homme marié/veuf,Aucun,4,Immobilier,23,Aucun,Location,1,Qualifié/Employé/Fonctionnaire,1,Non,Oui,Bon client
< 0 DM (découvert),12,Crédits en cours remboursés,Voiture (neuve),900,Pas d'épargne,1-4 ans,4,Homme marié/veuf,Aucun,2,Voiture ou autre,23,Aucun,Propriétaire,1,Qualifié/Employé/Fonctionnaire,1,Non,Oui,Mauvais client
Pas de compte,21,Crédits en cours remboursés,Meubles/Équipement,2241,< 100 DM,>= 7 ans,4,Homme célibataire,Aucun,2,Immobilier,50,Aucun,Propriétaire,2,Qualifié/Employé/Fonctionnaire,1,Non,Oui,Bon client
0-200 DM,6,Retards de paiement passés,Meubles/Équipement,1050,< 100 DM,Sans emploi,4,Homme célibataire,Aucun,1,Épargne logement/Assurance vie,35,Magasins,Propriétaire,2,Cadre/Indépendant/Dirigeant,1,Oui (à son nom),Oui,Bon client
>= 200 DM,6,Compte critique / autres crédits,Éducation,1047,< 100 DM,1-4 ans,2,Femme divorcée/mariée,Aucun,4,Épargne logement/Assurance vie,50,Aucun,Propriétaire,1,Non qualifié (résident),1,Non,Oui,Bon client
Pas de compte,24,Compte critique / autres crédits,Autres,6314,< 100 DM,Sans emploi,4,Homme célibataire,Co-demandeur,2,Aucun patrimoine,27,Banque,Propriétaire,2,Cadre/Indépendant/Dirigeant,1,Oui (à son nom),Oui,Bon client
0-200 DM,30,Tous crédits remboursés ici,Meubles/Équipement,3496,>= 1000 DM,1-4 ans,4,Homme célibataire,Aucun,2,Voiture ou autre,34,Magasins,Propriétaire,1,Qualifié/Employé/Fonctionnaire,2,Oui (à son nom),Oui,Bon client
Pas de compte,48,Tous crédits remboursés ici,Business,3609,< 100 DM,1-4 ans,1,Femme divorcée/mariée,Aucun,1,Immobilier,27,Magasins,Propriétaire,1,Qualifié/Employé/Fonctionnaire,1,Non,Oui,Bon client
< 0 DM (découvert),12,Compte critique / autres crédits,Voiture (neuve),4843,< 100 DM,>= 7 ans,3,Homme célibataire,Co-demandeur,4,Épargne logement/Assurance vie,43,Aucun,Location,2,Qualifié/Employé/Fonctionnaire,1,Oui (à son nom),Oui,Mauvais client
>= 200 DM,30,Compte critique / autres crédits,Radio/Télévision,3017,< 100 DM,>= 7 ans,4,Homme célibataire,Aucun,4,Épargne logement/Assurance vie,47,Aucun,Propriétaire,1,Qualifié/Employé/Fonctionnaire,1,Non,Oui,Bon client
Pas de compte,24,Compte critique / autres crédits,Business,4139,100-500 DM,1-4 ans,3,Homme célibataire,Aucun,3,Épargne logement/Assurance vie,27,Aucun,Propriétaire,2,Non qualifié (résident),1,Oui (à son nom),Oui,Bon client
Pas de compte,36,Crédits en cours remboursés,Business,5742,100-500 DM,4-7 ans,2,Homme célibataire,Aucun,2,Voiture ou autre,31,Aucun,Propriétaire,2,Qualifié/Employé/Fonctionnaire,1,Oui (à son nom),Oui,Bon client
Pas de compte,60,Crédits en cours remboursés,Voiture (neuve),10366,< 100 DM,>= 7 ans,2,Homme célibataire,Aucun,4,Épargne logement/Assurance vie,42,Aucun,Propriétaire,1,Cadre/Indépendant/Dirigeant,1,Oui (à son nom),Oui,Bon client
Pas de compte,6,Compte critique / autres crédits,Voiture (neuve),2080,500-1000 DM,1-4 ans,1,Homme marié/veuf,Aucun,2,Voiture ou autre,24,Aucun,Propriétaire,1,Qualifié/Employé/Fonctionnaire,1,Non,Oui,Bon client
Pas de compte,21,Retards de paiement passés,Business,2580,500-1000 DM,< 1 an,4,Homme célibataire,Aucun,2,Immobilier,41,Banque,Propriétaire,1,Non qualifié (résident),2,Non,Oui,Mauvais client
Pas de compte,30,Compte critique / autres crédits,Radio/Télévision,4530,< 100 DM,4-7 ans,4,Femme divorcée/mariée,Aucun,4,Voiture ou autre,26,Aucun,Location,1,Cadre/Indépendant/Dirigeant,1,Oui (à son nom),Oui,Bon client
Pas de compte,24,Compte critique / autres crédits,Meubles/Équipement,5150,< 100 DM,>= 7 ans,4,Homme célibataire,Aucun,4,Voiture ou autre,33,Aucun,Propriétaire,1,Qualifié/Employé/Fonctionnaire,1,Oui (à son nom),Oui,Bon client
0-200 DM,72,Crédits en cours remboursés,Radio/Télévision,5595,100-500 DM,1-4 ans,2,Homme marié/veuf,Aucun,2,Voiture ou autre,24,Aucun,Propriétaire,1,Qualifié/Employé/Fonctionnaire,1,Non,Oui,Mauvais client
< 0 DM (découvert),24,Crédits en cours remboursés,Radio/Télévision,2384,< 100 DM,>= 7 ans,4,Homme célibataire,Aucun,4,Immobilier,64,Banque,Location,1,Non qualifié (résident),1,Non,Oui,Bon client
Pas de compte,18,Crédits en cours remboursés,Radio/Télévision,1453,< 100 DM,< 1 an,3,Femme divorcée/mariée,Aucun,1,Immobilier,26,Aucun,Propriétaire,1,Qualifié/Employé/Fonctionnaire,1,Non,Oui,Bon client
Pas de compte,6,Crédits en cours remboursés,Éducation,1538,< 100 DM,< 1 an,1,Femme divorcée/mariée,Aucun,2,Aucun patrimoine,56,Aucun,Propriétaire,1,Qualifié/Employé/Fonctionnaire,1,Non,Oui,Bon client
Pas de compte,12,Crédits en cours remboursés,Radio/Télévision,2279,Pas d'épargne,1-4 ans,4,Homme célibataire,Aucun,4,Aucun patrimoine,37,Aucun,Gratuit,1,Qualifié/Employé/Fonctionnaire,1,Oui (à son nom),Oui,Bon client
Pas de compte,15,Retards de paiement passés,Radio/Télévision,1478,< 100 DM,1-4 ans,4,Homme marié/veuf,Aucun,3,Immobilier,33,Banque,Propriétaire,2,Qualifié/Employé/Fonctionnaire,1,Non,Oui,Bon client
Pas de compte,24,Compte critique / autres crédits,Radio/Télévision,5103,< 100 DM,< 1 an,3,Homme marié/veuf,Aucun,3,Aucun patrimoine,47,Aucun,Gratuit,3,Qualifié/Employé/Fonctionnaire,1,Oui (à son nom),Oui,Bon client
0-200 DM,36,Retards de paiement passés,Business,9857,100-500 DM,4-7 ans,1,Homme célibataire,Aucun,3,Épargne logement/Assurance vie,31,Aucun,Propriétaire,2,Non qualifié (résident),2,Oui (à son nom),Oui,Bon client
Pas de compte,60,Crédits en cours remboursés,Voiture (neuve),6527,Pas d'épargne,1-4 ans,4,Homme célibataire,Aucun,4,Aucun patrimoine,34,Aucun,Gratuit,1,Qualifié/Employé/Fonctionnaire,2,Oui (à son nom),Oui,Bon client
>= 200 DM,10,Compte critique / autres crédits,Radio/Télévision,1347,Pas d'épargne,4-7 ans,4,Homme célibataire,Aucun,2,Épargne logement/Assurance vie,27,Aucun,Propriétaire,2,Qualifié/Employé/Fonctionnaire,1,Oui (à son nom),Oui,Bon client
0-200 DM,36,Retards de paiement passés,Voiture (neuve),2862,100-500 DM,>= 7 ans,4,Homme célibataire,Aucun,3,Aucun patrimoine,30,Aucun,Gratuit,1,Qualifié/Employé/Fonctionnaire,1,Non,Oui,Bon client
Pas de compte,9,Crédits en cours remboursés,Radio/Télévision,2753,100-500 DM,>= 7 ans,3,Homme célibataire,Co-demandeur,4,Voiture ou autre,35,Aucun,Propriétaire,1,Qualifié/Employé/Fonctionnaire,1,Oui (à son nom),Oui,Bon client
< 0 DM (découvert),12,Crédits en cours remboursés,Voiture (neuve),3651,>= 1000 DM,1-4 ans,1,Homme célibataire,Aucun,3,Épargne logement/Assurance vie,31,Aucun,Propriétaire,1,Qualifié/Employé/Fonctionnaire,2,Non,Oui,Bon client
< 0 DM (découvert),15,Compte critique / autres crédits,Meubles/Équipement,975,< 100 DM,1-4 ans,2,Homme divorcé/séparé,Aucun,3,Épargne logement/Assurance vie,25,Aucun,Propriétaire,2,Qualifié/Employé/Fonctionnaire,1,Non,Oui,Bon client
0-200 DM,15,Crédits en cours remboursés,Réparations,2631,100-500 DM,1-4 ans,3,Femme divorcée/mariée,Aucun,2,Immobilier,25,Aucun,Propriétaire,1,Non qualifié (résident),1,Non,Oui,Bon client
0-200 DM,24,Crédits en cours remboursés,Radio/Télévision,2896,100-500 DM,< 1 an,2,Homme célibataire,Aucun,1,Voiture ou autre,29,Aucun,Propriétaire,1,Qualifié/Employé/Fonctionnaire,1,Non,Oui,Bon client
< 0 DM (découvert),6,Compte critique / autres crédits,Voiture (neuve),4716,Pas d'épargne,< 1 an,1,Homme célibataire,Aucun,3,Immobilier,44,Aucun,Propriétaire,2,Non qualifié (résident),2,Non,Oui,Bon client
Pas de compte,24,Crédits en cours remboursés,Radio/Télévision,2284,< 100 DM,4-7 ans,4,Homme célibataire,Aucun,2,Voiture ou autre,28,Aucun,Propriétaire,1,Qualifié/Employé/Fonctionnaire,1,Oui (à son nom),Oui,Bon client
Pas de compte,6,Crédits en cours remboursés,Voiture (occasion),1236,500-1000 DM,1-4 ans,2,Homme célibataire,Aucun,4,Épargne logement/Assurance vie,50,Aucun,Location,1,Qualifié/Employé/Fonctionnaire,1,Non,Oui,Bon client
0-200 DM,12,Crédits en cours remboursés,Radio/Télévision,1103,< 100 DM,4-7 ans,4,Homme célibataire,Garant,3,Immobilier,29,Aucun,Propriétaire,2,Qualifié/Employé/Fonctionnaire,1,Non,Non,Bon client
Pas de compte,12,Compte critique / autres crédits,Voiture (neuve),926,< 100 DM,Sans emploi,1,Femme divorcée/mariée,Aucun,2,Épargne logement/Assurance vie,38,Aucun,Propriétaire,1,Sans emploi/Non qualifié (non-résident),1,Non,Oui,Bon client
Pas de compte,18,Compte critique / autres crédits,Radio/Télévision,1800,< 100 DM,1-4 ans,4,Homme célibataire,Aucun,2,Voiture ou autre,24,Aucun,Propriétaire,2,Qualifié/Employé/Fonctionnaire,1,Non,Oui,Bon client
>= 200 DM,15,Crédits en cours remboursés,Éducation,1905,< 100 DM,>= 7 ans,4,Homme célibataire,Aucun,4,Voiture ou autre,40,Aucun,Location,1,Cadre/Indépendant/Dirigeant,1,Oui (à son nom),Oui,Bon client
Pas de compte,12,Crédits en cours remboursés,Meubles/Équipement,1123,500-1000 DM,1-4 ans,4,Femme divorcée/mariée,Aucun,4,Voiture ou autre,29,Aucun,Location,1,Non qualifié (résident),1,Non,Oui,Mauvais client
< 0 DM (découvert),48,Compte critique / autres crédits,Voiture (occasion),6331,< 100 DM,>= 7 ans,4,Homme célibataire,Aucun,4,Aucun patrimoine,46,Aucun,Gratuit,2,Qualifié/Employé/Fonctionnaire,1,Oui (à son nom),Oui,Mauvais client
>= 200 DM,24,Crédits en cours remboursés,Radio/Télévision,1377,100-500 DM,>= 7 ans,4,Femme divorcée/mariée,Aucun,2,Aucun patrimoine,47,Aucun,Gratuit,1,Qualifié/Employé/Fonctionnaire,1,Oui (à son nom),Oui,Bon client
0-200 DM,30,Retards de paiement passés,Business,2503,100-500 DM,>= 7 ans,4,Homme célibataire,Aucun,2,Épargne logement/Assurance vie,41,Magasins,Propriétaire,2,Qualifié/Employé/Fonctionnaire,1,Non,Oui,Bon client
0-200 DM,27,Crédits en cours remboursés,Business,2528,< 100 DM,< 1 an,4,Femme divorcée/mariée,Aucun,1,Épargne logement/Assurance vie,32,Aucun,Propriétaire,1,Qualifié/Employé/Fonctionnaire,2,Oui (à son nom),Oui,Bon client
Pas de compte,15,Crédits en cours remboursés,Voiture (neuve),5324,500-1000 DM,>= 7 ans,1,Femme divorcée/mariée,Aucun,4,Aucun patrimoine,35,Aucun,Gratuit,1,Qualifié/Employé/Fonctionnaire,1,Non,Oui,Bon client
0-200 DM,48,Crédits en cours remboursés,Voiture (neuve),6560,100-500 DM,4-7 ans,3,Homme célibataire,Aucun,2,Épargne logement/Assurance vie,24,Aucun,Propriétaire,1,Qualifié/Employé/Fonctionnaire,1,Non,Oui,Mauvais client
0-200 DM,12,Aucun crédit / tous remboursés,Meubles/Équipement,2969,< 100 DM,< 1 an,4,Femme divorcée/mariée,Aucun,3,Épargne logement/Assurance vie,25,Aucun,Location,2,Qualifié/Employé/Fonctionnaire,1,Non,Oui,Mauvais client
0-200 DM,9,Crédits en cours remboursés,Radio/Télévision,1206,< 100 DM,>= 7 ans,4,Femme divorcée/mariée,Aucun,4,Immobilier,25,Aucun,Propriétaire,1,Qualifié/Employé/Fonctionnaire,1,Non,Oui,Bon client
0-200 DM,9,Crédits en cours remboursés,Radio/Télévision,2118,< 100 DM,1-4 ans,2,Homme célibataire,Aucun,2,Immobilier,37,Aucun,Propriétaire,1,Non qualifié (résident),2,Non,Oui,Bon client
Pas de compte,18,Compte critique / autres crédits,Radio/Télévision,629,500-1000 DM,>= 7 ans,4,Homme célibataire,Aucun,3,Épargne logement/Assurance vie,32,Banque,Propriétaire,2,Cadre/Indépendant/Dirigeant,1,Oui (à son nom),Oui,Bon client
< 0 DM (découvert),6,Tous crédits remboursés ici,Éducation,1198,< 100 DM,>= 7 ans,4,Femme divorcée/mariée,Aucun,4,Aucun patrimoine,35,Aucun,Gratuit,1,Qualifié/Employé/Fonctionnaire,1,Non,Oui,Mauvais client
Pas de compte,21,Crédits en cours remboursés,Voiture (occasion),2476,Pas d'épargne,>= 7 ans,4,Homme célibataire,Aucun,4,Immobilier,46,Aucun,Propriétaire,1,Cadre/Indépendant/Dirigeant,1,Oui (à son nom),Oui,Bon client
< 0 DM (découvert),9,Compte critique / autres crédits,Radio/Télévision,1138,< 100 DM,1-4 ans,4,Homme célibataire,Aucun,4,Immobilier,25,Aucun,Propriétaire,2,Non qualifié (résident),1,Non,Oui,Bon client
0-200 DM,60,Crédits en cours remboursés,Voiture (neuve),14027,< 100 DM,4-7 ans,4,Homme célibataire,Aucun,2,Aucun patrimoine,27,Aucun,Propriétaire,1,Cadre/Indépendant/Dirigeant,1,Oui (à son nom),Oui,Mauvais client
Pas de compte,30,Compte critique / autres crédits,Voiture (occasion),7596,Pas d'épargne,>= 7 ans,1,Homme célibataire,Aucun,4,Voiture ou autre,63,Aucun,Propriétaire,2,Qualifié/Employé/Fonctionnaire,1,Non,Oui,Bon client
Pas de compte,30,Compte critique / autres crédits,Radio/Télévision,3077,Pas d'épargne,>= 7 ans,3,Homme célibataire,Aucun,2,Voiture ou autre,40,Aucun,Propriétaire,2,Qualifié/Employé/Fonctionnaire,2,Oui (à son nom),Oui,Bon client
Pas de compte,18,Crédits en cours remboursés,Radio/Télévision,1505,< 100 DM,1-4 ans,4,Homme célibataire,Aucun,2,Aucun patrimoine,32,Aucun,Gratuit,1,Cadre/Indépendant/Dirigeant,1,Oui (à son nom),Oui,Bon client
>= 200 DM,24,Compte critique / autres crédits,Radio/Télévision,3148,Pas d'épargne,1-4 ans,3,Homme célibataire,Aucun,2,Voiture ou autre,31,Aucun,Propriétaire,2,Qualifié/Employé/Fonctionnaire,1,Oui (à son nom),Oui,Bon client
0-200 DM,20,Aucun crédit / tous remboursés,Voiture (occasion),6148,100-500 DM,>= 7 ans,3,Homme marié/veuf,Aucun,4,Voiture ou autre,31,Banque,Propriétaire,2,Qualifié/Employé/Fonctionnaire,1,Oui (à son nom),Oui,Bon client
>= 200 DM,9,Aucun crédit / tous remboursés,Radio/Télévision,1337,< 100 DM,< 1 an,4,Homme célibataire,Aucun,2,Voiture ou autre,34,Aucun,Propriétaire,2,Cadre/Indépendant/Dirigeant,1,Oui (à son nom),Oui,Mauvais client
0-200 DM,6,Tous crédits remboursés ici,Éducation,433,>= 1000 DM,< 1 an,4,Femme divorcée/mariée,Aucun,2,Épargne logement/Assurance vie,24,Banque,Location,1,Qualifié/Employé/Fonctionnaire,2,Non,Oui,Mauvais client
< 0 DM (découvert),12,Crédits en cours remboursés,Voiture (neuve),1228,< 100 DM,1-4 ans,4,Femme divorcée/mariée,Aucun,2,Immobilier,24,Aucun,Propriétaire,1,Non qualifié (résident),1,Non,Oui,Mauvais client
0-200 DM,9,Crédits en cours remboursés,Radio/Télévision,790,500-1000 DM,1-4 ans,4,Femme divorcée/mariée,Aucun,3,Immobilier,66,Aucun,Propriétaire,1,Non qualifié (résident),1,Non,Oui,Bon client
Pas de compte,27,Crédits en cours remboursés,Voiture (neuve),2570,< 100 DM,1-4 ans,3,Femme divorcée/mariée,Aucun,3,Immobilier,21,Aucun,Location,1,Qualifié/Employé/Fonctionnaire,1,Non,Oui,Mauvais client
Pas de compte,6,Compte critique / autres crédits,Voiture (neuve),250,>= 1000 DM,1-4 ans,2,Femme divorcée/mariée,Aucun,2,Immobilier,41,Banque,Propriétaire,2,Non qualifié (résident),1,Non,Oui,Bon client
Pas de compte,15,Compte critique / autres crédits,Radio/Télévision,1316,500-1000 DM,1-4 ans,2,Homme marié/veuf,Aucun,2,Épargne logement/Assurance vie,47,Aucun,Propriétaire,2,Non qualifié (résident),1,Non,Oui,Bon client
< 0 DM (découvert),18,Crédits en cours remboursés,Radio/Télévision,1882,< 100 DM,1-4 ans,4,Femme divorcée/mariée,Aucun,4,Voiture ou autre,25,Banque,Location,2,Qualifié/Employé/Fonctionnaire,1,Non,Oui,Mauvais client
0-200 DM,48,Tous crédits remboursés ici,Business,6416,< 100 DM,>= 7 ans,4,Femme divorcée/mariée,Aucun,3,Aucun patrimoine,59,Aucun,Location,1,Qualifié/Employé/Fonctionnaire,1,Non,Oui,Mauvais client
>= 200 DM,24,Compte critique / autres crédits,Business,1275,>= 1000 DM,1-4 ans,2,Homme divorcé/séparé,Aucun,4,Immobilier,36,Aucun,Propriétaire,2,Qualifié/Employé/Fonctionnaire,1,Oui (à son nom),Oui,Bon client
0-200 DM,24,Retards de paiement passés,Radio/Télévision,6403,< 100 DM,< 1 an,1,Homme célibataire,Aucun,2,Voiture ou autre,33,Aucun,Propriétaire,1,Qualifié/Employé/Fonctionnaire,1,Non,Oui,Bon client
< 0 DM (découvert),24,Crédits en cours remboursés,Radio/Télévision,1987,< 100 DM,1-4 ans,2,Homme célibataire,Aucun,4,Immobilier,21,Aucun,Location,1,Non qualifié (résident),2,Non,Oui,Mauvais client
0-200 DM,8,Crédits en cours remboursés,Radio/Télévision,760,< 100 DM,4-7 ans,4,Femme divorcée/mariée,Garant,2,Immobilier,44,Aucun,Propriétaire,1,Non qualifié (résident),1,Non,Oui,Bon client
Pas de compte,24,Crédits en cours remboursés,Voiture (occasion),2603,>= 1000 DM,1-4 ans,2,Femme divorcée/mariée,Aucun,4,Voiture ou autre,28,Aucun,Location,1,Qualifié/Employé/Fonctionnaire,1,Oui (à son nom),Oui,Bon client
Pas de compte,4,Compte critique / autres crédits,Voiture (neuve),3380,< 100 DM,4-7 ans,1,Femme divorcée/mariée,Aucun,1,Immobilier,37,Aucun,Propriétaire,1,Qualifié/Employé/Fonctionnaire,2,Non,Oui,Bon client
0-200 DM,36,Tous crédits remboursés ici,Électroménager,3990,Pas d'épargne,< 1 an,3,Femme divorcée/mariée,Aucun,2,Aucun patrimoine,29,Banque,Propriétaire,1,Sans emploi/Non qualifié (non-résident),1,Non,Oui,Bon client
0-200 DM,24,Crédits en cours remboursés,Voiture (occasion),11560,< 100 DM,1-4 ans,1,Femme divorcée/mariée,Aucun,4,Voiture ou autre,23,Aucun,Location,2,Cadre/Indépendant/Dirigeant,1,Non,Oui,Mauvais client
< 0 DM (découvert),18,Crédits en cours remboursés,Voiture (neuve),4380,100-500 DM,1-4 ans,3,Homme célibataire,Aucun,4,Voiture ou autre,35,Aucun,Propriétaire,1,Non qualifié (résident),2,Oui (à son nom),Oui,Bon client
Pas de compte,6,Compte critique / autres crédits,Voiture (neuve),6761,< 100 DM,4-7 ans,1,Homme célibataire,Aucun,3,Aucun patrimoine,45,Aucun,Propriétaire,2,Cadre/Indépendant/Dirigeant,2,Oui (à son nom),Oui,Bon client
0-200 DM,30,Aucun crédit / tous remboursés,Business,4280,100-500 DM,1-4 ans,4,Femme divorcée/mariée,Aucun,4,Voiture ou autre,26,Aucun,Location,2,Non qualifié (résident),1,Non,Oui,Mauvais client
< 0 DM (découvert),24,Tous crédits remboursés ici,Voiture (neuve),2325,100-500 DM,4-7 ans,2,Homme célibataire,Aucun,3,Voiture ou autre,32,Banque,Propriétaire,1,Qualifié/Employé/Fonctionnaire,1,Non,Oui,Bon client
0-200 DM,10,Tous crédits remboursés ici,Radio/Télévision,1048,< 100 DM,1-4 ans,4,Homme célibataire,Aucun,4,Immobilier,23,Magasins,Propriétaire,1,Non qualifié (résident),1,Non,Oui,Bon client
Pas de compte,21,Crédits en cours remboursés,Radio/Télévision,3160,Pas d'épargne,>= 7 ans,4,Homme célibataire,Aucun,3,Épargne logement/Assurance vie,41,Aucun,Propriétaire,1,Qualifié/Employé/Fonctionnaire,1,Oui (à son nom),Oui,Bon client
< 0 DM (découvert),24,Tous crédits remboursés ici,Meubles/Équipement,2483,500-1000 DM,1-4 ans,4,Homme célibataire,Aucun,4,Immobilier,22,Magasins,Propriétaire,1,Qualifié/Employé/Fonctionnaire,1,Oui (à son nom),Oui,Bon client
< 0 DM (découvert),39,Compte critique / autres crédits,Meubles/Équipement,14179,Pas d'épargne,4-7 ans,4,Homme célibataire,Aucun,4,Épargne logement/Assurance vie,30,Aucun,Propriétaire,2,Cadre/Indépendant/Dirigeant,1,Oui (à son nom),Oui,Bon client
< 0 DM (découvert),13,Compte critique / autres crédits,Business,1797,< 100 DM,< 1 an,3,Homme célibataire,Aucun,1,Épargne logement/Assurance vie,28,Banque,Propriétaire,2,Non qualifié (résident),1,Non,Oui,Bon client
< 0 DM (découvert),15,Crédits en cours remboursés,Voiture (neuve),2511,< 100 DM,Sans emploi,1,Femme divorcée/mariée,Aucun,4,Voiture ou autre,23,Aucun,Location,1,Qualifié/Employé/Fonctionnaire,1,Non,Oui,Bon client
< 0 DM (découvert),12,Crédits en cours remboursés,Voiture (neuve),1274,< 100 DM,< 1 an,3,Femme divorcée/mariée,Aucun,1,Immobilier,37,Aucun,Propriétaire,1,Non qualifié (résident),1,Non,Oui,Mauvais client
Pas de compte,21,Crédits en cours remboursés,Voiture (occasion),5248,Pas d'épargne,1-4 ans,1,Homme célibataire,Aucun,3,Voiture ou autre,26,Aucun,Propriétaire,1,Qualifié/Employé/Fonctionnaire,1,Non,Oui,Bon client
Pas de compte,15,Crédits en cours remboursés,Voiture (occasion),3029,< 100 DM,4-7 ans,2,Homme célibataire,Aucun,2,Voiture ou autre,33,Aucun,Propriétaire,1,Qualifié/Employé/Fonctionnaire,1,Non,Oui,Bon client
< 0 DM (découvert),6,Crédits en cours remboursés,Meubles/Équipement,428,< 100 DM,>= 7 ans,2,Femme divorcée/mariée,Aucun,1,Épargne logement/Assurance vie,49,Banque,Propriétaire,1,Qualifié/Employé/Fonctionnaire,1,Oui (à son nom),Oui,Bon client
< 0 DM (découvert),18,Crédits en cours remboursés,Voiture (neuve),976,< 100 DM,< 1 an,1,Femme divorcée/mariée,Aucun,2,Voiture ou autre,23,Aucun,Propriétaire,1,Non qualifié (résident),1,Non,Oui,Mauvais client
0-200 DM,12,Crédits en cours remboursés,Business,841,100-500 DM,4-7 ans,2,Femme divorcée/mariée,Aucun,4,Immobilier,23,Aucun,Location,1,Non qualifié (résident),1,Non,Oui,Bon client
Pas de compte,30,Compte critique / autres crédits,Radio/Télévision,5771,< 100 DM,4-7 ans,4,Femme divorcée/mariée,Aucun,2,Voiture ou autre,25,Aucun,Propriétaire,2,Qualifié/Employé/Fonctionnaire,1,Non,Oui,Bon client
Pas de compte,12,Retards de paiement passés,Réparations,1555,>= 1000 DM,>= 7 ans,4,Homme célibataire,Aucun,4,Aucun patrimoine,55,Aucun,Gratuit,2,Qualifié/Employé/Fonctionnaire,2,Non,Oui,Mauvais client
< 0 DM (découvert),24,Crédits en cours remboursés,Voiture (neuve),1285,Pas d'épargne,4-7 ans,4,Femme divorcée/mariée,Aucun,4,Aucun patrimoine,32,Aucun,Location,1,Qualifié/Employé/Fonctionnaire,1,Non,Oui,Mauvais client
>= 200 DM,6,Compte critique / autres crédits,Voiture (neuve),1299,< 100 DM,1-4 ans,1,Homme célibataire,Aucun,1,Immobilier,74,Aucun,Propriétaire,3,Sans emploi/Non qualifié (non-résident),2,Non,Non,Bon client
>= 200 DM,15,Compte critique / autres crédits,Radio/Télévision,1271,Pas d'épargne,1-4 ans,3,Homme célibataire,Aucun,4,Aucun patrimoine,39,Aucun,Gratuit,2,Qualifié/Employé/Fonctionnaire,1,Oui (à son nom),Oui,Mauvais client
Pas de compte,24,Crédits en cours remboursés,Voiture (neuve),1393,< 100 DM,1-4 ans,2,Homme célibataire,Garant,2,Immobilier,31,Aucun,Propriétaire,1,Qualifié/Employé/Fonctionnaire,1,Oui (à son nom),Oui,Bon client
< 0 DM (découvert),12,Compte critique / autres crédits,Voiture (neuve),691,< 100 DM,>= 7 ans,4,Homme célibataire,Aucun,3,Épargne logement/Assurance vie,35,Aucun,Propriétaire,2,Qualifié/Employé/Fonctionnaire,1,Non,Oui,Mauvais client
Pas de compte,15,Compte critique / autres crédits,Voiture (neuve),5045,Pas d'épargne,>= 7 ans,1,Femme divorcée/mariée,Aucun,4,Voiture ou autre,59,Aucun,Propriétaire,1,Qualifié/Employé/Fonctionnaire,1,Oui (à son nom),Oui,Bon client
< 0 DM (découvert),18,Compte critique / autres crédits,Meubles/Équipement,2124,< 100 DM,1-4 ans,4,Femme divorcée/mariée,Aucun,4,Immobilier,24,Aucun,Location,2,Qualifié/Employé/Fonctionnaire,1,Non,Oui,Mauvais client
< 0 DM (découvert),12,Crédits en cours remboursés,Radio/Télévision,2214,< 100 DM,1-4 ans,4,Homme célibataire,Aucun,3,Épargne logement/Assurance vie,24,Aucun,Propriétaire,1,Non qualifié (résident),1,Non,Oui,Bon client
Pas de compte,21,Compte critique / autres crédits,Voiture (neuve),12680,Pas d'épargne,>= 7 ans,4,Homme célibataire,Aucun,4,Aucun patrimoine,30,Aucun,Gratuit,1,Cadre/Indépendant/Dirigeant,1,Oui (à son nom),Oui,Mauvais client
Pas de compte,24,Compte critique / autres crédits,Voiture (neuve),2463,100-500 DM,4-7 ans,4,Homme marié/veuf,Aucun,3,Épargne logement/Assurance vie,27,Aucun,Propriétaire,2,Qualifié/Employé/Fonctionnaire,1,Oui (à son nom),Oui,Bon client
0-200 DM,12,Crédits en cours remboursés,Radio/Télévision,1155,< 100 DM,>= 7 ans,3,Homme marié/veuf,Garant,3,Immobilier,40,Banque,Propriétaire,2,Non qualifié (résident),1,Non,Oui,Bon client
< 0 DM (découvert),30,Crédits en cours remboursés,Meubles/Équipement,3108,< 100 DM,< 1 an,2,Homme divorcé/séparé,Aucun,4,Épargne logement/Assurance vie,31,Aucun,Propriétaire,1,Non qualifié (résident),1,Non,Oui,Mauvais client
Pas de compte,10,Crédits en cours remboursés,Voiture (occasion),2901,Pas d'épargne,< 1 an,1,Femme divorcée/mariée,Aucun,4,Immobilier,31,Aucun,Location,1,Qualifié/Employé/Fonctionnaire,1,Non,Oui,Bon client
0-200 DM,12,Compte critique / autres crédits,Meubles/Équipement,3617,< 100 DM,>= 7 ans,1,Homme célibataire,Aucun,4,Voiture ou autre,28,Aucun,Location,3,Qualifié/Employé/Fonctionnaire,1,Oui (à son nom),Oui,Bon client
Pas de compte,12,Compte critique / autres crédits,Radio/Télévision,1655,< 100 DM,>= 7 ans,2,Homme célibataire,Aucun,4,Immobilier,63,Aucun,Propriétaire,2,Non qualifié (résident),1,Oui (à son nom),Oui,Bon client
< 0 DM (découvert),24,Crédits en cours remboursés,Voiture (occasion),2812,Pas d'épargne,>= 7 ans,2,Femme divorcée/mariée,Aucun,4,Immobilier,26,Aucun,Location,1,Qualifié/Employé/Fonctionnaire,1,Non,Oui,Bon client
< 0 DM (découvert),36,Compte critique / autres crédits,Éducation,8065,< 100 DM,1-4 ans,3,Femme divorcée/mariée,Aucun,2,Aucun patrimoine,25,Aucun,Propriétaire,2,Cadre/Indépendant/Dirigeant,1,Oui (à son nom),Oui,Mauvais client
Pas de compte,21,Compte critique / autres crédits,Voiture (occasion),3275,< 100 DM,>= 7 ans,1,Homme célibataire,Aucun,4,Voiture ou autre,36,Aucun,Propriétaire,1,Cadre/Indépendant/Dirigeant,1,Oui (à son nom),Oui,Bon client
Pas de compte,24,Compte critique / autres crédits,Radio/Télévision,2223,100-500 DM,>= 7 ans,4,Homme célibataire,Aucun,4,Épargne logement/Assurance vie,52,Banque,Propriétaire,2,Qualifié/Employé/Fonctionnaire,1,Non,Oui,Bon client
>= 200 DM,12,Compte critique / autres crédits,Voiture (neuve),1480,500-1000 DM,Sans emploi,2,Homme célibataire,Aucun,4,Aucun patrimoine,66,Banque,Gratuit,3,Sans emploi/Non qualifié (non-résident),1,Non,Oui,Bon client
< 0 DM (découvert),24,Crédits en cours remboursés,Voiture (neuve),1371,Pas d'épargne,1-4 ans,4,Femme divorcée/mariée,Aucun,4,Immobilier,25,Aucun,Location,1,Qualifié/Employé/Fonctionnaire,1,Non,Oui,Mauvais client
Pas de compte,36,Compte critique / autres crédits,Voiture (neuve),3535,< 100 DM,4-7 ans,4,Homme célibataire,Aucun,4,Voiture ou autre,37,Aucun,Propriétaire,2,Qualifié/Employé/Fonctionnaire,1,Oui (à son nom),Oui,Bon client
< 0 DM (découvert),18,Crédits en cours remboursés,Radio/Télévision,3509,< 100 DM,4-7 ans,4,Femme divorcée/mariée,Garant,1,Immobilier,25,Aucun,Propriétaire,1,Qualifié/Employé/Fonctionnaire,1,Non,Oui,Bon client
Pas de compte,36,Compte critique / autres crédits,Voiture (occasion),5711,>= 1000 DM,>= 7 ans,4,Homme célibataire,Aucun,2,Voiture ou autre,38,Aucun,Propriétaire,2,Cadre/Indépendant/Dirigeant,1,Oui (à son nom),Oui,Bon client
0-200 DM,18,Crédits en cours remboursés,Réparations,3872,< 100 DM,Sans emploi,2,Femme divorcée/mariée,Aucun,4,Voiture ou autre,67,Aucun,Propriétaire,1,Qualifié/Employé/Fonctionnaire,1,Oui (à son nom),Oui,Bon client
0-200 DM,39,Compte critique / autres crédits,Radio/Télévision,4933,< 100 DM,4-7 ans,2,Homme célibataire,Garant,2,Immobilier,25,Aucun,Propriétaire,2,Qualifié/Employé/Fonctionnaire,1,Non,Oui,Mauvais client
Pas de compte,24,Compte critique / autres crédits,Voiture (neuve),1940,>= 1000 DM,>= 7 ans,4,Homme célibataire,Aucun,4,Immobilier,60,Aucun,Propriétaire,1,Qualifié/Employé/Fonctionnaire,1,Oui (à son nom),Oui,Bon client
0-200 DM,12,Aucun crédit / tous remboursés,Reconversion pro,1410,< 100 DM,1-4 ans,2,Homme célibataire,Aucun,2,Immobilier,31,Aucun,Propriétaire,1,Non qualifié (résident),1,Oui (à son nom),Oui,Bon client
0-200 DM,12,Crédits en cours remboursés,Voiture (neuve),836,100-500 DM,< 1 an,4,Femme divorcée/mariée,Aucun,2,Épargne logement/Assurance vie,23,Banque,Propriétaire,1,Non qualifié (résident),1,Non,Oui,Mauvais client
0-200 DM,20,Crédits en cours remboursés,Voiture (occasion),6468,Pas d'épargne,Sans emploi,1,Homme divorcé/séparé,Aucun,4,Immobilier,60,Aucun,Propriétaire,1,Cadre/Indépendant/Dirigeant,1,Oui (à son nom),Oui,Bon client
0-200 DM,18,Crédits en cours remboursés,Business,1941,>= 1000 DM,1-4 ans,4,Homme célibataire,Aucun,2,Épargne logement/Assurance vie,35,Aucun,Propriétaire,1,Non qualifié (résident),1,Oui (à son nom),Oui,Bon client
Pas de compte,22,Crédits en cours remboursés,Radio/Télévision,2675,500-1000 DM,>= 7 ans,3,Homme célibataire,Aucun,4,Voiture ou autre,40,Aucun,Propriétaire,1,Qualifié/Employé/Fonctionnaire,1,Non,Oui,Bon client
Pas de compte,48,Compte critique / autres crédits,Voiture (occasion),2751,Pas d'épargne,>= 7 ans,4,Homme célibataire,Aucun,3,Voiture ou autre,38,Aucun,Propriétaire,2,Qualifié/Employé/Fonctionnaire,2,Oui (à son nom),Oui,Bon client
0-200 DM,48,Retards de paiement passés,Éducation,6224,< 100 DM,>= 7 ans,4,Homme célibataire,Aucun,4,Aucun patrimoine,50,Aucun,Gratuit,1,Qualifié/Employé/Fonctionnaire,1,Non,Oui,Mauvais client
< 0 DM (découvert),40,Compte critique / autres crédits,Éducation,5998,< 100 DM,1-4 ans,4,Homme célibataire,Aucun,3,Aucun patrimoine,27,Banque,Propriétaire,1,Qualifié/Employé/Fonctionnaire,1,Oui (à son nom),Oui,Mauvais client
0-200 DM,21,Crédits en cours remboursés,Business,1188,< 100 DM,>= 7 ans,2,Femme divorcée/mariée,Aucun,4,Épargne logement/Assurance vie,39,Aucun,Propriétaire,1,Qualifié/Employé/Fonctionnaire,2,Non,Oui,Mauvais client
Pas de compte,24,Crédits en cours remboursés,Voiture (occasion),6313,Pas d'épargne,>= 7 ans,3,Homme célibataire,Aucun,4,Voiture ou autre,41,Aucun,Propriétaire,1,Cadre/Indépendant/Dirigeant,2,Oui (à son nom),Oui,Bon client
Pas de compte,6,Compte critique / autres crédits,Meubles/Équipement,1221,Pas d'épargne,1-4 ans,1,Homme marié/veuf,Aucun,2,Épargne logement/Assurance vie,27,Aucun,Propriétaire,2,Qualifié/Employé/Fonctionnaire,1,Non,Oui,Bon client
>= 200 DM,24,Crédits en cours remboursés,Meubles/Équipement,2892,< 100 DM,>= 7 ans,3,Homme divorcé/séparé,Aucun,4,Aucun patrimoine,51,Aucun,Gratuit,1,Qualifié/Employé/Fonctionnaire,1,Non,Oui,Bon client
Pas de compte,24,Crédits en cours remboursés,Meubles/Équipement,3062,500-1000 DM,>= 7 ans,4,Homme célibataire,Aucun,3,Aucun patrimoine,32,Aucun,Location,1,Qualifié/Employé/Fonctionnaire,1,Oui (à son nom),Oui,Bon client
Pas de compte,9,Crédits en cours remboursés,Meubles/Équipement,2301,100-500 DM,< 1 an,2,Femme divorcée/mariée,Aucun,4,Épargne logement/Assurance vie,22,Aucun,Location,1,Qualifié/Employé/Fonctionnaire,1,Non,Oui,Bon client
< 0 DM (découvert),18,Crédits en cours remboursés,Voiture (occasion),7511,Pas d'épargne,>= 7 ans,1,Homme célibataire,Aucun,4,Épargne logement/Assurance vie,51,Aucun,Gratuit,1,Qualifié/Employé/Fonctionnaire,2,Oui (à son nom),Oui,Mauvais client
Pas de compte,12,Compte critique / autres crédits,Meubles/Équipement,1258,< 100 DM,< 1 an,2,Femme divorcée/mariée,Aucun,4,Épargne logement/Assurance vie,22,Aucun,Location,2,Non qualifié (résident),1,Non,Oui,Bon client
Pas de compte,24,Retards de paiement passés,Voiture (neuve),717,Pas d'épargne,>= 7 ans,4,Homme marié/veuf,Aucun,4,Voiture ou autre,54,Aucun,Propriétaire,2,Qualifié/Employé/Fonctionnaire,1,Oui (à son nom),Oui,Bon client
0-200 DM,9,Crédits en cours remboursés,Voiture (neuve),1549,Pas d'épargne,< 1 an,4,Homme célibataire,Aucun,2,Immobilier,35,Aucun,Propriétaire,1,Sans emploi/Non qualifié (non-résident),1,Non,Oui,Bon client
Pas de compte,24,Compte critique / autres crédits,Éducation,1597,< 100 DM,>= 7 ans,4,Homme célibataire,Aucun,4,Aucun patrimoine,54,Aucun,Gratuit,2,Qualifié/Employé/Fonctionnaire,2,Non,Oui,Bon client
0-200 DM,18,Compte critique / autres crédits,Radio/Télévision,1795,< 100 DM,>= 7 ans,3,Femme divorcée/mariée,Garant,4,Immobilier,48,Banque,Location,2,Non qualifié (résident),1,Oui (à son nom),Oui,Bon client
< 0 DM (découvert),20,Compte critique / autres crédits,Meubles/Équipement,4272,< 100 DM,>= 7 ans,1,Femme divorcée/mariée,Aucun,4,Épargne logement/Assurance vie,24,Aucun,Propriétaire,2,Qualifié/Employé/Fonctionnaire,1,Non,Oui,Bon client
Pas de compte,12,Compte critique / autres crédits,Radio/Télévision,976,Pas d'épargne,>= 7 ans,4,Homme célibataire,Aucun,4,Voiture ou autre,35,Aucun,Propriétaire,2,Qualifié/Employé/Fonctionnaire,1,Non,Oui,Bon client
0-200 DM,12,Crédits en cours remboursés,Voiture (neuve),7472,Pas d'épargne,Sans emploi,1,Femme divorcée/mariée,Aucun,2,Immobilier,24,Aucun,Location,1,Sans emploi/Non qualifié (non-résident),1,Non,Oui,Bon client
< 0 DM (découvert),36,Crédits en cours remboursés,Voiture (neuve),9271,< 100 DM,4-7 ans,2,Homme célibataire,Aucun,1,Voiture ou autre,24,Aucun,Propriétaire,1,Qualifié/Employé/Fonctionnaire,1,Oui (à son nom),Oui,Mauvais client
0-200 DM,6,Crédits en cours remboursés,Radio/Télévision,590,< 100 DM,< 1 an,3,Homme marié/veuf,Aucun,3,Immobilier,26,Aucun,Propriétaire,1,Non qualifié (résident),1,Non,Non,Bon client
Pas de compte,12,Compte critique / autres crédits,Radio/Télévision,930,Pas d'épargne,>= 7 ans,4,Homme célibataire,Aucun,4,Immobilier,65,Aucun,Propriétaire,4,Qualifié/Employé/Fonctionnaire,1,Non,Oui,Bon client
0-200 DM,42,Tous crédits remboursés ici,Voiture (occasion),9283,< 100 DM,Sans emploi,1,Homme célibataire,Aucun,2,Aucun patrimoine,55,Banque,Gratuit,1,Cadre/Indépendant/Dirigeant,1,Oui (à son nom),Oui,Bon client
0-200 DM,15,Aucun crédit / tous remboursés,Voiture (neuve),1778,< 100 DM,< 1 an,2,Femme divorcée/mariée,Aucun,1,Immobilier,26,Aucun,Location,2,Sans emploi/Non qualifié (non-résident),1,Non,Oui,Mauvais client
0-200 DM,8,Crédits en cours remboursés,Business,907,< 100 DM,< 1 an,3,Homme marié/veuf,Aucun,2,Immobilier,26,Aucun,Propriétaire,1,Qualifié/Employé/Fonctionnaire,1,Oui (à son nom),Oui,Bon client
0-200 DM,6,Crédits en cours remboursés,Radio/Télévision,484,< 100 DM,4-7 ans,3,Homme marié/veuf,Garant,3,Immobilier,28,Banque,Propriétaire,1,Non qualifié (résident),1,Non,Oui,Bon client
< 0 DM (découvert),36,Compte critique / autres crédits,Voiture (occasion),9629,< 100 DM,4-7 ans,4,Homme célibataire,Aucun,4,Voiture ou autre,24,Aucun,Propriétaire,2,Qualifié/Employé/Fonctionnaire,1,Oui (à son nom),Oui,Mauvais client
< 0 DM (découvert),48,Crédits en cours remboursés,Électroménager,3051,< 100 DM,1-4 ans,3,Homme célibataire,Aucun,4,Voiture ou autre,54,Aucun,Propriétaire,1,Qualifié/Employé/Fonctionnaire,1,Non,Oui,Mauvais client
< 0 DM (découvert),48,Crédits en cours remboursés,Voiture (neuve),3931,< 100 DM,4-7 ans,4,Homme célibataire,Aucun,4,Aucun patrimoine,46,Aucun,Gratuit,1,Qualifié/Employé/Fonctionnaire,2,Non,Oui,Mauvais client
0-200 DM,36,Retards de paiement passés,Voiture (neuve),7432,< 100 DM,1-4 ans,2,Femme divorcée/mariée,Aucun,2,Épargne logement/Assurance vie,54,Aucun,Location,1,Qualifié/Employé/Fonctionnaire,1,Non,Oui,Bon client
Pas de compte,6,Crédits en cours remboursés,Électroménager,1338,500-1000 DM,1-4 ans,1,Homme divorcé/séparé,Aucun,4,Immobilier,62,Aucun,Propriétaire,1,Qualifié/Employé/Fonctionnaire,1,Non,Oui,Bon client
Pas de compte,6,Compte critique / autres crédits,Radio/Télévision,1554,< 100 DM,4-7 ans,1,Femme divorcée/mariée,Aucun,2,Voiture ou autre,24,Aucun,Location,2,Qualifié/Employé/Fonctionnaire,1,Oui (à son nom),Oui,Bon client
< 0 DM (découvert),36,Crédits en cours remboursés,Autres,15857,< 100 DM,Sans emploi,2,Homme divorcé/séparé,Co-demandeur,3,Voiture ou autre,43,Aucun,Propriétaire,1,Cadre/Indépendant/Dirigeant,1,Non,Oui,Bon client
< 0 DM (découvert),18,Crédits en cours remboursés,Radio/Télévision,1345,< 100 DM,1-4 ans,4,Homme marié/veuf,Aucun,3,Immobilier,26,Banque,Propriétaire,1,Qualifié/Employé/Fonctionnaire,1,Non,Oui,Mauvais client
Pas de compte,12,Crédits en cours remboursés,Voiture (neuve),1101,< 100 DM,1-4 ans,3,Homme marié/veuf,Aucun,2,Immobilier,27,Aucun,Propriétaire,2,Qualifié/Employé/Fonctionnaire,1,Oui (à son nom),Oui,Bon client
>= 200 DM,12,Crédits en cours remboursés,Radio/Télévision,3016,< 100 DM,1-4 ans,3,Homme marié/veuf,Aucun,1,Voiture ou autre,24,Aucun,Propriétaire,1,Qualifié/Employé/Fonctionnaire,1,Non,Oui,Bon client
< 0 DM (découvert),36,Crédits en cours remboursés,Meubles/Équipement,2712,< 100 DM,>= 7 ans,2,Homme célibataire,Aucun,2,Épargne logement/Assurance vie,41,Banque,Propriétaire,1,Qualifié/Employé/Fonctionnaire,2,Non,Oui,Mauvais client
< 0 DM (découvert),8,Compte critique / autres crédits,Voiture (neuve),731,< 100 DM,>= 7 ans,4,Homme célibataire,Aucun,4,Immobilier,47,Aucun,Propriétaire,2,Non qualifié (résident),1,Non,Oui,Bon client
Pas de compte,18,Compte critique / autres crédits,Meubles/Équipement,3780,< 100 DM,< 1 an,3,Homme divorcé/séparé,Aucun,2,Voiture ou autre,35,Aucun,Propriétaire,2,Cadre/Indépendant/Dirigeant,1,Oui (à son nom),Oui,Bon client
< 0 DM (découvert),21,Compte critique / autres crédits,Voiture (neuve),1602,< 100 DM,>= 7 ans,4,Homme marié/veuf,Aucun,3,Voiture ou autre,30,Aucun,Propriétaire,2,Qualifié/Employé/Fonctionnaire,1,Oui (à son nom),Oui,Bon client
< 0 DM (découvert),18,Compte critique / autres crédits,Voiture (neuve),3966,< 100 DM,>= 7 ans,1,Femme divorcée/mariée,Aucun,4,Immobilier,33,Banque,Location,3,Qualifié/Employé/Fonctionnaire,1,Oui (à son nom),Oui,Mauvais client
Pas de compte,18,Aucun crédit / tous remboursés,Business,4165,< 100 DM,1-4 ans,2,Homme célibataire,Aucun,2,Voiture ou autre,36,Magasins,Propriétaire,2,Qualifié/Employé/Fonctionnaire,2,Non,Oui,Mauvais client
< 0 DM (découvert),36,Crédits en cours remboursés,Voiture (occasion),8335,Pas d'épargne,>= 7 ans,3,Homme célibataire,Aucun,4,Aucun patrimoine,47,Aucun,Gratuit,1,Qualifié/Employé/Fonctionnaire,1,Non,Oui,Mauvais client
0-200 DM,48,Retards de paiement passés,Business,6681,Pas d'épargne,1-4 ans,4,Homme célibataire,Aucun,4,Aucun patrimoine,38,Aucun,Gratuit,1,Qualifié/Employé/Fonctionnaire,2,Oui (à son nom),Oui,Bon client
Pas de compte,24,Retards de paiement passés,Business,2375,500-1000 DM,1-4 ans,4,Homme célibataire,Aucun,2,Voiture ou autre,44,Aucun,Propriétaire,2,Qualifié/Employé/Fonctionnaire,2,Oui (à son nom),Oui,Bon client
< 0 DM (découvert),18,Crédits en cours remboursés,Voiture (neuve),1216,< 100 DM,< 1 an,4,Femme divorcée/mariée,Aucun,3,Voiture ou autre,23,Aucun,Location,1,Qualifié/Employé/Fonctionnaire,1,Oui (à son nom),Oui,Mauvais client
< 0 DM (découvert),45,Aucun crédit / tous remboursés,Business,11816,< 100 DM,>= 7 ans,2,Homme célibataire,Aucun,4,Voiture ou autre,29,Aucun,Location,2,Qualifié/Employé/Fonctionnaire,1,Non,Oui,Mauvais client
0-200 DM,24,Crédits en cours remboursés,Radio/Télévision,5084,Pas d'épargne,>= 7 ans,2,Femme divorcée/mariée,Aucun,4,Voiture ou autre,42,Aucun,Propriétaire,1,Qualifié/Employé/Fonctionnaire,1,Oui (à son nom),Oui,Bon client
>= 200 DM,15,Crédits en cours remboursés,Radio/Télévision,2327,< 100 DM,< 1 an,2,Femme divorcée/mariée,Aucun,3,Immobilier,25,Aucun,Propriétaire,1,Non qualifié (résident),1,Non,Oui,Mauvais client
< 0 DM (découvert),12,Aucun crédit / tous remboursés,Voiture (neuve),1082,< 100 DM,1-4 ans,4,Homme célibataire,Aucun,4,Voiture ou autre,48,Banque,Propriétaire,2,Qualifié/Employé/Fonctionnaire,1,Non,Oui,Mauvais client
Pas de compte,12,Crédits en cours remboursés,Radio/Télévision,886,Pas d'épargne,1-4 ans,4,Femme divorcée/mariée,Aucun,2,Voiture ou autre,21,Aucun,Propriétaire,1,Qualifié/Employé/Fonctionnaire,1,Non,Oui,Bon client
Pas de compte,4,Crédits en cours remboursés,Meubles/Équipement,601,< 100 DM,< 1 an,1,Femme divorcée/mariée,Aucun,3,Immobilier,23,Aucun,Location,1,Non qualifié (résident),2,Non,Oui,Bon client
< 0 DM (découvert),24,Compte critique / autres crédits,Voiture (occasion),2957,< 100 DM,>= 7 ans,4,Homme célibataire,Aucun,4,Épargne logement/Assurance vie,63,Aucun,Propriétaire,2,Qualifié/Employé/Fonctionnaire,1,Oui (à son nom),Oui,Bon client
Pas de compte,24,Compte critique / autres crédits,Radio/Télévision,2611,< 100 DM,>= 7 ans,4,Homme marié/veuf,Co-demandeur,3,Immobilier,46,Aucun,Propriétaire,2,Qualifié/Employé/Fonctionnaire,1,Non,Oui,Bon client
< 0 DM (découvert),36,Crédits en cours remboursés,Meubles/Équipement,5179,< 100 DM,4-7 ans,4,Homme célibataire,Aucun,2,Épargne logement/Assurance vie,29,Aucun,Propriétaire,1,Qualifié/Employé/Fonctionnaire,1,Non,Oui,Mauvais client
Pas de compte,21,Retards de paiement passés,Voiture (occasion),2993,< 100 DM,1-4 ans,3,Homme célibataire,Aucun,2,Immobilier,28,Magasins,Propriétaire,2,Non qualifié (résident),1,Non,Oui,Bon client
Pas de compte,18,Crédits en cours remboursés,Réparations,1943,< 100 DM,< 1 an,4,Femme divorcée/mariée,Aucun,4,Immobilier,23,Aucun,Propriétaire,1,Qualifié/Employé/Fonctionnaire,1,Non,Oui,Mauvais client
Pas de compte,24,Tous crédits remboursés ici,Business,1559,< 100 DM,4-7 ans,4,Homme célibataire,Aucun,4,Voiture ou autre,50,Banque,Propriétaire,1,Qualifié/Employé/Fonctionnaire,1,Oui (à son nom),Oui,Bon client
Pas de compte,18,Crédits en cours remboursés,Meubles/Équipement,3422,< 100 DM,>= 7 ans,4,Homme célibataire,Aucun,4,Épargne logement/Assurance vie,47,Banque,Propriétaire,3,Qualifié/Employé/Fonctionnaire,2,Oui (à son nom),Oui,Bon client
0-200 DM,21,Crédits en cours remboursés,Meubles/Équipement,3976,Pas d'épargne,4-7 ans,2,Homme célibataire,Aucun,3,Voiture ou autre,35,Aucun,Propriétaire,1,Qualifié/Employé/Fonctionnaire,1,Oui (à son nom),Oui,Bon client
Pas de compte,18,Crédits en cours remboursés,Voiture (neuve),6761,Pas d'épargne,1-4 ans,2,Homme célibataire,Aucun,4,Voiture ou autre,68,Aucun,Location,2,Qualifié/Employé/Fonctionnaire,1,Non,Oui,Mauvais client
Pas de compte,24,Crédits en cours remboursés,Voiture (neuve),1249,< 100 DM,< 1 an,4,Homme marié/veuf,Aucun,2,Immobilier,28,Aucun,Propriétaire,1,Qualifié/Employé/Fonctionnaire,1,Non,Oui,Bon client
< 0 DM (découvert),9,Crédits en cours remboursés,Radio/Télévision,1364,< 100 DM,4-7 ans,3,Homme célibataire,Aucun,4,Immobilier,59,Aucun,Propriétaire,1,Qualifié/Employé/Fonctionnaire,1,Non,Oui,Bon client
< 0 DM (découvert),12,Crédits en cours remboursés,Radio/Télévision,709,< 100 DM,>= 7 ans,4,Homme célibataire,Aucun,4,Immobilier,57,Magasins,Propriétaire,1,Non qualifié (résident),1,Non,Oui,Mauvais client
< 0 DM (découvert),20,Compte critique / autres crédits,Voiture (neuve),2235,< 100 DM,1-4 ans,4,Homme marié/veuf,Garant,2,Épargne logement/Assurance vie,33,Banque,Location,2,Qualifié/Employé/Fonctionnaire,1,Non,Non,Mauvais client
Pas de compte,24,Compte critique / autres crédits,Voiture (occasion),4042,Pas d'épargne,4-7 ans,3,Homme célibataire,Aucun,4,Épargne logement/Assurance vie,43,Aucun,Propriétaire,2,Qualifié/Employé/Fonctionnaire,1,Oui (à son nom),Oui,Bon client
Pas de compte,15,Compte critique / autres crédits,Radio/Télévision,1471,< 100 DM,1-4 ans,4,Homme célibataire,Aucun,4,Aucun patrimoine,35,Aucun,Gratuit,2,Qualifié/Employé/Fonctionnaire,1,Oui (à son nom),Oui,Bon client
< 0 DM (découvert),18,Tous crédits remboursés ici,Voiture (neuve),1442,< 100 DM,4-7 ans,4,Homme célibataire,Aucun,4,Aucun patrimoine,32,Aucun,Gratuit,2,Non qualifié (résident),2,Non,Oui,Mauvais client
Pas de compte,36,Retards de paiement passés,Voiture (neuve),10875,< 100 DM,>= 7 ans,2,Homme célibataire,Aucun,2,Voiture ou autre,45,Aucun,Propriétaire,2,Qualifié/Employé/Fonctionnaire,2,Oui (à son nom),Oui,Bon client
Pas de compte,24,Crédits en cours remboursés,Voiture (neuve),1474,100-500 DM,< 1 an,4,Homme marié/veuf,Aucun,3,Immobilier,33,Aucun,Propriétaire,1,Qualifié/Employé/Fonctionnaire,1,Oui (à son nom),Oui,Bon client
Pas de compte,10,Crédits en cours remboursés,Reconversion pro,894,Pas d'épargne,4-7 ans,4,Femme divorcée/mariée,Aucun,3,Épargne logement/Assurance vie,40,Aucun,Propriétaire,1,Qualifié/Employé/Fonctionnaire,1,Oui (à son nom),Oui,Bon client
Pas de compte,15,Compte critique / autres crédits,Meubles/Équipement,3343,< 100 DM,1-4 ans,4,Homme célibataire,Aucun,2,Aucun patrimoine,28,Aucun,Gratuit,1,Qualifié/Employé/Fonctionnaire,1,Oui (à son nom),Oui,Bon client
< 0 DM (découvert),15,Crédits en cours remboursés,Voiture (neuve),3959,< 100 DM,1-4 ans,3,Femme divorcée/mariée,Aucun,2,Épargne logement/Assurance vie,29,Aucun,Propriétaire,1,Qualifié/Employé/Fonctionnaire,1,Oui (à son nom),Oui,Mauvais client
Pas de compte,9,Crédits en cours remboursés,Voiture (neuve),3577,100-500 DM,1-4 ans,1,Homme célibataire,Garant,2,Immobilier,26,Aucun,Location,1,Qualifié/Employé/Fonctionnaire,2,Non,Non,Bon client
Pas de compte,24,Compte critique / autres crédits,Voiture (occasion),5804,>= 1000 DM,1-4 ans,4,Homme célibataire,Aucun,2,Immobilier,27,Aucun,Propriétaire,2,Qualifié/Employé/Fonctionnaire,1,Non,Oui,Bon client
Pas de compte,18,Retards de paiement passés,Business,2169,< 100 DM,1-4 ans,4,Homme marié/veuf,Aucun,2,Voiture ou autre,28,Aucun,Propriétaire,1,Qualifié/Employé/Fonctionnaire,1,Oui (à son nom),Oui,Mauvais client
< 0 DM (découvert),24,Crédits en cours remboursés,Radio/Télévision,2439,< 100 DM,< 1 an,4,Femme divorcée/mariée,Aucun,4,Immobilier,35,Aucun,Propriétaire,1,Qualifié/Employé/Fonctionnaire,1,Oui (à son nom),Oui,Mauvais client
Pas de compte,27,Compte critique / autres crédits,Meubles/Équipement,4526,>= 1000 DM,< 1 an,4,Homme célibataire,Aucun,2,Immobilier,32,Magasins,Propriétaire,2,Non qualifié (résident),2,Oui (à son nom),Oui,Bon client
Pas de compte,10,Crédits en cours remboursés,Meubles/Équipement,2210,< 100 DM,1-4 ans,2,Homme célibataire,Aucun,2,Immobilier,25,Banque,Location,1,Non qualifié (résident),1,Non,Oui,Mauvais client
Pas de compte,15,Crédits en cours remboursés,Meubles/Équipement,2221,500-1000 DM,1-4 ans,2,Femme divorcée/mariée,Aucun,4,Voiture ou autre,20,Aucun,Location,1,Qualifié/Employé/Fonctionnaire,1,Non,Oui,Bon client
< 0 DM (découvert),18,Crédits en cours remboursés,Radio/Télévision,2389,< 100 DM,< 1 an,4,Femme divorcée/mariée,Aucun,1,Voiture ou autre,27,Magasins,Propriétaire,1,Qualifié/Employé/Fonctionnaire,1,Non,Oui,Bon client
Pas de compte,12,Compte critique / autres crédits,Meubles/Équipement,3331,< 100 DM,>= 7 ans,2,Homme célibataire,Aucun,4,Épargne logement/Assurance vie,42,Magasins,Propriétaire,1,Qualifié/Employé/Fonctionnaire,1,Non,Oui,Bon client
Pas de compte,36,Crédits en cours remboursés,Business,7409,Pas d'épargne,>= 7 ans,3,Homme célibataire,Aucun,2,Épargne logement/Assurance vie,37,Aucun,Propriétaire,2,Qualifié/Employé/Fonctionnaire,1,Non,Oui,Bon client
< 0 DM (découvert),12,Crédits en cours remboursés,Meubles/Équipement,652,< 100 DM,>= 7 ans,4,Femme divorcée/mariée,Aucun,4,Épargne logement/Assurance vie,24,Aucun,Location,1,Qualifié/Employé/Fonctionnaire,1,Non,Oui,Bon client
Pas de compte,36,Retards de paiement passés,Meubles/Équipement,7678,500-1000 DM,4-7 ans,2,Femme divorcée/mariée,Aucun,4,Voiture ou autre,40,Aucun,Propriétaire,2,Qualifié/Employé/Fonctionnaire,1,Oui (à son nom),Oui,Bon client
>= 200 DM,6,Compte critique / autres crédits,Voiture (neuve),1343,< 100 DM,>= 7 ans,1,Homme célibataire,Aucun,4,Immobilier,46,Aucun,Propriétaire,2,Qualifié/Employé/Fonctionnaire,2,Non,Non,Bon client
< 0 DM (découvert),24,Compte critique / autres crédits,Business,1382,100-500 DM,4-7 ans,4,Homme célibataire,Aucun,1,Immobilier,26,Aucun,Propriétaire,2,Qualifié/Employé/Fonctionnaire,1,Oui (à son nom),Oui,Bon client
Pas de compte,15,Crédits en cours remboursés,Électroménager,874,Pas d'épargne,< 1 an,4,Femme divorcée/mariée,Aucun,1,Immobilier,24,Aucun,Propriétaire,1,Qualifié/Employé/Fonctionnaire,1,Non,Oui,Bon client
< 0 DM (découvert),12,Crédits en cours remboursés,Meubles/Équipement,3590,< 100 DM,1-4 ans,2,Homme célibataire,Co-demandeur,2,Épargne logement/Assurance vie,29,Aucun,Propriétaire,1,Non qualifié (résident),2,Non,Oui,Bon client
0-200 DM,11,Compte critique / autres crédits,Voiture (neuve),1322,>= 1000 DM,1-4 ans,4,Femme divorcée/mariée,Aucun,4,Voiture ou autre,40,Aucun,Propriétaire,2,Qualifié/Employé/Fonctionnaire,1,Non,Oui,Bon client
< 0 DM (découvert),18,Tous crédits remboursés ici,Radio/Télévision,1940,< 100 DM,< 1 an,3,Homme célibataire,Co-demandeur,4,Aucun patrimoine,36,Banque,Gratuit,1,Cadre/Indépendant/Dirigeant,1,Oui (à son nom),Oui,Bon client
Pas de compte,36,Crédits en cours remboursés,Radio/Télévision,3595,< 100 DM,>= 7 ans,4,Homme célibataire,Aucun,2,Voiture ou autre,28,Aucun,Propriétaire,1,Qualifié/Employé/Fonctionnaire,1,Non,Oui,Bon client
< 0 DM (découvert),9,Crédits en cours remboursés,Voiture (neuve),1422,< 100 DM,< 1 an,3,Homme célibataire,Aucun,2,Aucun patrimoine,27,Aucun,Gratuit,1,Cadre/Indépendant/Dirigeant,1,Oui (à son nom),Oui,Mauvais client
Pas de compte,30,Compte critique / autres crédits,Radio/Télévision,6742,Pas d'épargne,4-7 ans,2,Homme célibataire,Aucun,3,Épargne logement/Assurance vie,36,Aucun,Propriétaire,2,Qualifié/Employé/Fonctionnaire,1,Non,Oui,Bon client
Pas de compte,24,Crédits en cours remboursés,Voiture (occasion),7814,< 100 DM,4-7 ans,3,Homme célibataire,Aucun,3,Voiture ou autre,38,Aucun,Propriétaire,1,Cadre/Indépendant/Dirigeant,1,Oui (à son nom),Oui,Bon client
Pas de compte,24,Crédits en cours remboursés,Voiture (occasion),9277,Pas d'épargne,1-4 ans,2,Homme divorcé/séparé,Aucun,4,Aucun patrimoine,48,Aucun,Gratuit,1,Qualifié/Employé/Fonctionnaire,1,Oui (à son nom),Oui,Bon client
0-200 DM,30,Compte critique / autres crédits,Voiture (neuve),2181,Pas d'épargne,>= 7 ans,4,Homme célibataire,Aucun,4,Immobilier,36,Aucun,Propriétaire,2,Qualifié/Employé/Fonctionnaire,1,Non,Oui,Bon client
Pas de compte,18,Compte critique / autres crédits,Radio/Télévision,1098,< 100 DM,Sans emploi,4,Femme divorcée/mariée,Aucun,4,Voiture ou autre,65,Aucun,Propriétaire,2,Sans emploi/Non qualifié (non-résident),1,Non,Oui,Bon client
0-200 DM,24,Crédits en cours remboursés,Meubles/Équipement,4057,< 100 DM,4-7 ans,3,Homme divorcé/séparé,Aucun,3,Voiture ou autre,43,Aucun,Propriétaire,1,Qualifié/Employé/Fonctionnaire,1,Oui (à son nom),Oui,Mauvais client
< 0 DM (découvert),12,Crédits en cours remboursés,Éducation,795,< 100 DM,< 1 an,4,Femme divorcée/mariée,Aucun,4,Épargne logement/Assurance vie,53,Aucun,Propriétaire,1,Qualifié/Employé/Fonctionnaire,1,Non,Oui,Mauvais client
0-200 DM,24,Compte critique / autres crédits,Business,2825,Pas d'épargne,4-7 ans,4,Homme célibataire,Aucun,3,Aucun patrimoine,34,Aucun,Propriétaire,2,Qualifié/Employé/Fonctionnaire,2,Oui (à son nom),Oui,Bon client
0-200 DM,48,Crédits en cours remboursés,Business,15672,< 100 DM,1-4 ans,2,Homme célibataire,Aucun,2,Voiture ou autre,23,Aucun,Propriétaire,1,Qualifié/Employé/Fonctionnaire,1,Oui (à son nom),Oui,Mauvais client
Pas de compte,36,Compte critique / autres crédits,Voiture (neuve),6614,< 100 DM,>= 7 ans,4,Homme célibataire,Aucun,4,Voiture ou autre,34,Aucun,Propriétaire,2,Cadre/Indépendant/Dirigeant,1,Oui (à son nom),Oui,Bon client
Pas de compte,28,Tous crédits remboursés ici,Voiture (occasion),7824,Pas d'épargne,< 1 an,3,Homme célibataire,Garant,4,Immobilier,40,Banque,Location,2,Qualifié/Employé/Fonctionnaire,2,Oui (à son nom),Oui,Bon client
< 0 DM (découvert),27,Compte critique / autres crédits,Business,2442,< 100 DM,>= 7 ans,4,Homme célibataire,Aucun,4,Voiture ou autre,43,Magasins,Propriétaire,4,Cadre/Indépendant/Dirigeant,2,Oui (à son nom),Oui,Bon client
Pas de compte,15,Compte critique / autres crédits,Radio/Télévision,1829,< 100 DM,>= 7 ans,4,Homme célibataire,Aucun,4,Voiture ou autre,46,Aucun,Propriétaire,2,Qualifié/Employé/Fonctionnaire,1,Oui (à son nom),Oui,Bon client
< 0 DM (découvert),12,Compte critique / autres crédits,Voiture (neuve),2171,< 100 DM,1-4 ans,4,Homme célibataire,Aucun,4,Épargne logement/Assurance vie,38,Banque,Propriétaire,2,Non qualifié (résident),1,Non,Non,Bon client
0-200 DM,36,Compte critique / autres crédits,Voiture (occasion),5800,< 100 DM,1-4 ans,3,Homme célibataire,Aucun,4,Voiture ou autre,34,Aucun,Propriétaire,2,Qualifié/Employé/Fonctionnaire,1,Oui (à son nom),Oui,Bon client
Pas de compte,18,Compte critique / autres crédits,Radio/Télévision,1169,Pas d'épargne,1-4 ans,4,Homme célibataire,Aucun,3,Épargne logement/Assurance vie,29,Aucun,Propriétaire,2,Qualifié/Employé/Fonctionnaire,1,Oui (à son nom),Oui,Bon client
Pas de compte,36,Retards de paiement passés,Voiture (occasion),8947,Pas d'épargne,4-7 ans,3,Homme célibataire,Aucun,2,Voiture ou autre,31,Magasins,Propriétaire,1,Cadre/Indépendant/Dirigeant,2,Oui (à son nom),Oui,Bon client
< 0 DM (découvert),21,Crédits en cours remboursés,Radio/Télévision,2606,< 100 DM,< 1 an,4,Femme divorcée/mariée,Aucun,4,Épargne logement/Assurance vie,28,Aucun,Location,1,Cadre/Indépendant/Dirigeant,1,Oui (à son nom),Oui,Bon client
Pas de compte,12,Compte critique / autres crédits,Meubles/Équipement,1592,>= 1000 DM,4-7 ans,3,Femme divorcée/mariée,Aucun,2,Épargne logement/Assurance vie,35,Aucun,Propriétaire,1,Qualifié/Employé/Fonctionnaire,1,Non,Non,Bon client
Pas de compte,15,Crédits en cours remboursés,Meubles/Équipement,2186,Pas d'épargne,4-7 ans,1,Femme divorcée/mariée,Aucun,4,Immobilier,33,Banque,Location,1,Non qualifié (résident),1,Non,Oui,Bon client
< 0 DM (découvert),18,Crédits en cours remboursés,Meubles/Équipement,4153,< 100 DM,1-4 ans,2,Homme célibataire,Co-demandeur,3,Voiture ou autre,42,Aucun,Propriétaire,1,Qualifié/Employé/Fonctionnaire,1,Non,Oui,Mauvais client
< 0 DM (découvert),16,Compte critique / autres crédits,Voiture (neuve),2625,< 100 DM,>= 7 ans,2,Homme célibataire,Garant,4,Épargne logement/Assurance vie,43,Banque,Location,1,Qualifié/Employé/Fonctionnaire,1,Oui (à son nom),Oui,Mauvais client
Pas de compte,20,Compte critique / autres crédits,Voiture (neuve),3485,Pas d'épargne,< 1 an,2,Homme divorcé/séparé,Aucun,4,Immobilier,44,Aucun,Propriétaire,2,Qualifié/Employé/Fonctionnaire,1,Oui (à son nom),Oui,Bon client
Pas de compte,36,Compte critique / autres crédits,Voiture (occasion),10477,Pas d'épargne,>= 7 ans,2,Homme célibataire,Aucun,4,Aucun patrimoine,42,Aucun,Gratuit,2,Qualifié/Employé/Fonctionnaire,1,Non,Oui,Bon client
Pas de compte,15,Crédits en cours remboursés,Radio/Télévision,1386,Pas d'épargne,1-4 ans,4,Homme marié/veuf,Aucun,2,Immobilier,40,Aucun,Location,1,Qualifié/Employé/Fonctionnaire,1,Oui (à son nom),Oui,Bon client
Pas de compte,24,Crédits en cours remboursés,Radio/Télévision,1278,< 100 DM,>= 7 ans,4,Homme célibataire,Aucun,1,Immobilier,36,Aucun,Propriétaire,1,Cadre/Indépendant/Dirigeant,1,Oui (à son nom),Oui,Bon client
< 0 DM (découvert),12,Crédits en cours remboursés,Radio/Télévision,1107,< 100 DM,1-4 ans,2,Homme célibataire,Aucun,2,Immobilier,20,Aucun,Location,1,Cadre/Indépendant/Dirigeant,2,Oui (à son nom),Oui,Bon client
< 0 DM (découvert),21,Crédits en cours remboursés,Voiture (neuve),3763,Pas d'épargne,4-7 ans,2,Homme célibataire,Co-demandeur,2,Immobilier,24,Aucun,Propriétaire,1,Non qualifié (résident),1,Non,Non,Bon client
0-200 DM,36,Crédits en cours remboursés,Éducation,3711,Pas d'épargne,1-4 ans,2,Homme marié/veuf,Aucun,2,Voiture ou autre,27,Aucun,Propriétaire,1,Qualifié/Employé/Fonctionnaire,1,Non,Oui,Bon client
Pas de compte,15,Retards de paiement passés,Voiture (occasion),3594,< 100 DM,< 1 an,1,Femme divorcée/mariée,Aucun,2,Épargne logement/Assurance vie,46,Aucun,Propriétaire,2,Non qualifié (résident),1,Non,Oui,Bon client
0-200 DM,9,Crédits en cours remboursés,Voiture (neuve),3195,Pas d'épargne,1-4 ans,1,Femme divorcée/mariée,Aucun,2,Immobilier,33,Aucun,Propriétaire,1,Non qualifié (résident),1,Non,Oui,Bon client
Pas de compte,36,Retards de paiement passés,Radio/Télévision,4454,< 100 DM,1-4 ans,4,Femme divorcée/mariée,Aucun,4,Immobilier,34,Aucun,Propriétaire,2,Qualifié/Employé/Fonctionnaire,1,Non,Oui,Bon client
0-200 DM,24,Compte critique / autres crédits,Meubles/Équipement,4736,< 100 DM,< 1 an,2,Femme divorcée/mariée,Aucun,4,Voiture ou autre,25,Banque,Propriétaire,1,Non qualifié (résident),1,Non,Oui,Mauvais client
0-200 DM,30,Crédits en cours remboursés,Radio/Télévision,2991,Pas d'épargne,>= 7 ans,2,Femme divorcée/mariée,Aucun,4,Voiture ou autre,25,Aucun,Propriétaire,1,Qualifié/Employé/Fonctionnaire,1,Non,Oui,Bon client
Pas de compte,11,Crédits en cours remboursés,Business,2142,>= 1000 DM,>= 7 ans,1,Homme divorcé/séparé,Aucun,2,Immobilier,28,Aucun,Propriétaire,1,Qualifié/Employé/Fonctionnaire,1,Oui (à son nom),Oui,Bon client
< 0 DM (découvert),24,Tous crédits remboursés ici,Business,3161,< 100 DM,1-4 ans,4,Homme célibataire,Aucun,2,Épargne logement/Assurance vie,31,Aucun,Location,1,Qualifié/Employé/Fonctionnaire,1,Oui (à son nom),Oui,Mauvais client
0-200 DM,48,Aucun crédit / tous remboursés,Autres,18424,< 100 DM,1-4 ans,1,Femme divorcée/mariée,Aucun,2,Épargne logement/Assurance vie,32,Banque,Propriétaire,1,Cadre/Indépendant/Dirigeant,1,Oui (à son nom),Non,Mauvais client
Pas de compte,10,Crédits en cours remboursés,Voiture (occasion),2848,100-500 DM,1-4 ans,1,Homme célibataire,Co-demandeur,2,Immobilier,32,Aucun,Propriétaire,1,Qualifié/Employé/Fonctionnaire,2,Non,Oui,Bon client
< 0 DM (découvert),6,Crédits en cours remboursés,Voiture (neuve),14896,< 100 DM,>= 7 ans,1,Homme célibataire,Aucun,4,Aucun patrimoine,68,Banque,Propriétaire,1,Cadre/Indépendant/Dirigeant,1,Oui (à son nom),Oui,Mauvais client
< 0 DM (découvert),24,Crédits en cours remboursés,Meubles/Équipement,2359,100-500 DM,Sans emploi,1,Homme divorcé/séparé,Aucun,1,Épargne logement/Assurance vie,33,Aucun,Propriétaire,1,Qualifié/Employé/Fonctionnaire,1,Non,Oui,Mauvais client
< 0 DM (découvert),24,Crédits en cours remboursés,Meubles/Équipement,3345,< 100 DM,>= 7 ans,4,Homme célibataire,Aucun,2,Épargne logement/Assurance vie,39,Aucun,Location,1,Cadre/Indépendant/Dirigeant,1,Oui (à son nom),Oui,Mauvais client
Pas de compte,18,Compte critique / autres crédits,Meubles/Équipement,1817,< 100 DM,1-4 ans,4,Femme divorcée/mariée,Aucun,2,Aucun patrimoine,28,Aucun,Propriétaire,2,Qualifié/Employé/Fonctionnaire,1,Non,Oui,Bon client
Pas de compte,48,Retards de paiement passés,Radio/Télévision,12749,500-1000 DM,4-7 ans,4,Homme célibataire,Aucun,1,Voiture ou autre,37,Aucun,Propriétaire,1,Cadre/Indépendant/Dirigeant,1,Oui (à son nom),Oui,Bon client
< 0 DM (découvert),9,Crédits en cours remboursés,Radio/Télévision,1366,< 100 DM,< 1 an,3,Femme divorcée/mariée,Aucun,4,Épargne logement/Assurance vie,22,Aucun,Location,1,Qualifié/Employé/Fonctionnaire,1,Non,Oui,Mauvais client
0-200 DM,12,Crédits en cours remboursés,Voiture (neuve),2002,< 100 DM,4-7 ans,3,Homme célibataire,Aucun,4,Épargne logement/Assurance vie,30,Aucun,Location,1,Qualifié/Employé/Fonctionnaire,2,Oui (à son nom),Oui,Bon client
< 0 DM (découvert),24,Tous crédits remboursés ici,Meubles/Équipement,6872,< 100 DM,< 1 an,2,Homme divorcé/séparé,Aucun,1,Épargne logement/Assurance vie,55,Banque,Propriétaire,1,Qualifié/Employé/Fonctionnaire,1,Oui (à son nom),Oui,Mauvais client
< 0 DM (découvert),12,Tous crédits remboursés ici,Voiture (neuve),697,< 100 DM,< 1 an,4,Homme célibataire,Aucun,2,Voiture ou autre,46,Banque,Propriétaire,2,Qualifié/Employé/Fonctionnaire,1,Oui (à son nom),Oui,Mauvais client
< 0 DM (découvert),18,Compte critique / autres crédits,Meubles/Équipement,1049,< 100 DM,< 1 an,4,Femme divorcée/mariée,Aucun,4,Épargne logement/Assurance vie,21,Aucun,Location,1,Qualifié/Employé/Fonctionnaire,1,Non,Oui,Bon client
< 0 DM (découvert),48,Crédits en cours remboursés,Voiture (occasion),10297,< 100 DM,4-7 ans,4,Homme célibataire,Aucun,4,Aucun patrimoine,39,Magasins,Gratuit,3,Qualifié/Employé/Fonctionnaire,2,Oui (à son nom),Oui,Mauvais client
Pas de compte,30,Crédits en cours remboursés,Radio/Télévision,1867,Pas d'épargne,>= 7 ans,4,Homme célibataire,Aucun,4,Voiture ou autre,58,Aucun,Propriétaire,1,Qualifié/Employé/Fonctionnaire,1,Oui (à son nom),Oui,Bon client
< 0 DM (découvert),12,Retards de paiement passés,Voiture (neuve),1344,< 100 DM,1-4 ans,4,Homme célibataire,Aucun,2,Immobilier,43,Aucun,Propriétaire,2,Non qualifié (résident),2,Non,Oui,Bon client
< 0 DM (découvert),24,Crédits en cours remboursés,Meubles/Équipement,1747,< 100 DM,< 1 an,4,Homme célibataire,Co-demandeur,1,Épargne logement/Assurance vie,24,Aucun,Propriétaire,1,Non qualifié (résident),1,Non,Non,Bon client
0-200 DM,9,Crédits en cours remboursés,Radio/Télévision,1670,< 100 DM,< 1 an,4,Femme divorcée/mariée,Aucun,2,Voiture ou autre,22,Aucun,Propriétaire,1,Qualifié/Employé/Fonctionnaire,1,Oui (à son nom),Oui,Mauvais client
Pas de compte,9,Compte critique / autres crédits,Voiture (neuve),1224,< 100 DM,1-4 ans,3,Homme célibataire,Aucun,1,Immobilier,30,Aucun,Propriétaire,2,Qualifié/Employé/Fonctionnaire,1,Non,Oui,Bon client
Pas de compte,12,Compte critique / autres crédits,Radio/Télévision,522,500-1000 DM,>= 7 ans,4,Homme célibataire,Aucun,4,Épargne logement/Assurance vie,42,Aucun,Propriétaire,2,Qualifié/Employé/Fonctionnaire,2,Oui (à son nom),Oui,Bon client
< 0 DM (découvert),12,Crédits en cours remboursés,Radio/Télévision,1498,< 100 DM,1-4 ans,4,Femme divorcée/mariée,Aucun,1,Voiture ou autre,23,Banque,Propriétaire,1,Qualifié/Employé/Fonctionnaire,1,Non,Oui,Bon client
0-200 DM,30,Retards de paiement passés,Radio/Télévision,1919,100-500 DM,< 1 an,4,Homme célibataire,Aucun,3,Aucun patrimoine,30,Magasins,Propriétaire,2,Cadre/Indépendant/Dirigeant,1,Non,Oui,Mauvais client
>= 200 DM,9,Crédits en cours remboursés,Radio/Télévision,745,< 100 DM,1-4 ans,3,Femme divorcée/mariée,Aucun,2,Immobilier,28,Aucun,Propriétaire,1,Non qualifié (résident),1,Non,Oui,Mauvais client
0-200 DM,6,Crédits en cours remboursés,Radio/Télévision,2063,< 100 DM,< 1 an,4,Homme marié/veuf,Aucun,3,Voiture ou autre,30,Aucun,Location,1,Cadre/Indépendant/Dirigeant,1,Oui (à son nom),Oui,Bon client
0-200 DM,60,Crédits en cours remboursés,Éducation,6288,< 100 DM,1-4 ans,4,Homme célibataire,Aucun,4,Aucun patrimoine,42,Aucun,Gratuit,1,Qualifié/Employé/Fonctionnaire,1,Non,Oui,Mauvais client
Pas de compte,24,Compte critique / autres crédits,Voiture (occasion),6842,Pas d'épargne,1-4 ans,2,Homme célibataire,Aucun,4,Épargne logement/Assurance vie,46,Aucun,Propriétaire,2,Cadre/Indépendant/Dirigeant,2,Oui (à son nom),Oui,Bon client
Pas de compte,12,Crédits en cours remboursés,Voiture (neuve),3527,Pas d'épargne,< 1 an,2,Homme célibataire,Aucun,3,Épargne logement/Assurance vie,45,Aucun,Propriétaire,1,Cadre/Indépendant/Dirigeant,2,Oui (à son nom),Oui,Bon client
Pas de compte,10,Crédits en cours remboursés,Voiture (neuve),1546,< 100 DM,1-4 ans,3,Homme célibataire,Aucun,2,Immobilier,31,Aucun,Propriétaire,1,Non qualifié (résident),2,Non,Non,Bon client
Pas de compte,24,Crédits en cours remboursés,Meubles/Équipement,929,Pas d'épargne,4-7 ans,4,Homme célibataire,Aucun,2,Voiture ou autre,31,Magasins,Propriétaire,1,Qualifié/Employé/Fonctionnaire,1,Oui (à son nom),Oui,Bon client
Pas de compte,4,Compte critique / autres crédits,Voiture (neuve),1455,< 100 DM,4-7 ans,2,Homme célibataire,Aucun,1,Immobilier,42,Aucun,Propriétaire,3,Non qualifié (résident),2,Non,Oui,Bon client
< 0 DM (découvert),15,Crédits en cours remboursés,Meubles/Équipement,1845,< 100 DM,< 1 an,4,Femme divorcée/mariée,Garant,1,Épargne logement/Assurance vie,46,Aucun,Location,1,Qualifié/Employé/Fonctionnaire,1,Non,Oui,Bon client
0-200 DM,48,Aucun crédit / tous remboursés,Voiture (neuve),8358,500-1000 DM,< 1 an,1,Femme divorcée/mariée,Aucun,1,Voiture ou autre,30,Aucun,Propriétaire,2,Qualifié/Employé/Fonctionnaire,1,Non,Oui,Bon client
< 0 DM (découvert),24,Tous crédits remboursés ici,Meubles/Équipement,3349,500-1000 DM,< 1 an,4,Homme célibataire,Aucun,4,Aucun patrimoine,30,Aucun,Gratuit,1,Qualifié/Employé/Fonctionnaire,2,Oui (à son nom),Oui,Mauvais client
Pas de compte,12,Crédits en cours remboursés,Voiture (neuve),2859,Pas d'épargne,Sans emploi,4,Homme célibataire,Aucun,4,Aucun patrimoine,38,Aucun,Propriétaire,1,Cadre/Indépendant/Dirigeant,1,Oui (à son nom),Oui,Bon client
Pas de compte,18,Crédits en cours remboursés,Meubles/Équipement,1533,< 100 DM,< 1 an,4,Homme marié/veuf,Co-demandeur,1,Épargne logement/Assurance vie,43,Aucun,Propriétaire,1,Non qualifié (résident),2,Non,Oui,Mauvais client
Pas de compte,24,Crédits en cours remboursés,Radio/Télévision,3621,100-500 DM,>= 7 ans,2,Homme célibataire,Aucun,4,Voiture ou autre,31,Aucun,Propriétaire,2,Qualifié/Employé/Fonctionnaire,1,Non,Oui,Mauvais client
0-200 DM,18,Compte critique / autres crédits,Business,3590,< 100 DM,Sans emploi,3,Homme marié/veuf,Aucun,3,Voiture ou autre,40,Aucun,Propriétaire,3,Sans emploi/Non qualifié (non-résident),2,Oui (à son nom),Oui,Bon client
< 0 DM (découvert),36,Retards de paiement passés,Business,2145,< 100 DM,4-7 ans,2,Homme célibataire,Aucun,1,Voiture ou autre,24,Aucun,Propriétaire,2,Qualifié/Employé/Fonctionnaire,1,Oui (à son nom),Oui,Mauvais client
0-200 DM,24,Crédits en cours remboursés,Voiture (occasion),4113,500-1000 DM,< 1 an,3,Femme divorcée/mariée,Aucun,4,Voiture ou autre,28,Aucun,Location,1,Qualifié/Employé/Fonctionnaire,1,Non,Oui,Mauvais client
Pas de compte,36,Crédits en cours remboursés,Meubles/Équipement,10974,< 100 DM,Sans emploi,4,Femme divorcée/mariée,Aucun,2,Voiture ou autre,26,Aucun,Propriétaire,2,Cadre/Indépendant/Dirigeant,1,Oui (à son nom),Oui,Mauvais client
< 0 DM (découvert),12,Crédits en cours remboursés,Voiture (neuve),1893,< 100 DM,1-4 ans,4,Femme divorcée/mariée,Garant,4,Épargne logement/Assurance vie,29,Aucun,Propriétaire,1,Qualifié/Employé/Fonctionnaire,1,Oui (à son nom),Oui,Bon client
< 0 DM (découvert),24,Compte critique / autres crédits,Radio/Télévision,1231,>= 1000 DM,>= 7 ans,4,Femme divorcée/mariée,Aucun,4,Épargne logement/Assurance vie,57,Aucun,Location,2,Cadre/Indépendant/Dirigeant,1,Oui (à son nom),Oui,Bon client
>= 200 DM,30,Compte critique / autres crédits,Radio/Télévision,3656,Pas d'épargne,>= 7 ans,4,Homme célibataire,Aucun,4,Épargne logement/Assurance vie,49,Magasins,Propriétaire,2,Non qualifié (résident),1,Non,Oui,Bon client
0-200 DM,9,Compte critique / autres crédits,Radio/Télévision,1154,< 100 DM,>= 7 ans,2,Homme célibataire,Aucun,4,Immobilier,37,Aucun,Propriétaire,3,Non qualifié (résident),1,Non,Oui,Bon client
< 0 DM (découvert),28,Crédits en cours remboursés,Voiture (neuve),4006,< 100 DM,1-4 ans,3,Homme célibataire,Aucun,2,Voiture ou autre,45,Aucun,Propriétaire,1,Non qualifié (résident),1,Non,Oui,Mauvais client
0-200 DM,24,Crédits en cours remboursés,Meubles/Équipement,3069,100-500 DM,>= 7 ans,4,Homme célibataire,Aucun,4,Aucun patrimoine,30,Aucun,Gratuit,1,Qualifié/Employé/Fonctionnaire,1,Non,Oui,Bon client
Pas de compte,6,Compte critique / autres crédits,Radio/Télévision,1740,< 100 DM,>= 7 ans,2,Homme marié/veuf,Aucun,2,Immobilier,30,Aucun,Location,2,Qualifié/Employé/Fonctionnaire,1,Non,Oui,Bon client
0-200 DM,21,Retards de paiement passés,Voiture (neuve),2353,< 100 DM,1-4 ans,1,Homme divorcé/séparé,Aucun,4,Épargne logement/Assurance vie,47,Aucun,Propriétaire,2,Qualifié/Employé/Fonctionnaire,1,Non,Oui,Bon client
Pas de compte,15,Crédits en cours remboursés,Voiture (neuve),3556,Pas d'épargne,1-4 ans,3,Homme célibataire,Aucun,2,Aucun patrimoine,29,Aucun,Propriétaire,1,Qualifié/Employé/Fonctionnaire,1,Non,Oui,Bon client
Pas de compte,24,Crédits en cours remboursés,Radio/Télévision,2397,500-1000 DM,>= 7 ans,3,Homme célibataire,Aucun,2,Voiture ou autre,35,Banque,Propriétaire,2,Qualifié/Employé/Fonctionnaire,1,Oui (à son nom),Oui,Mauvais client
0-200 DM,6,Crédits en cours remboursés,Réparations,454,< 100 DM,< 1 an,3,Homme marié/veuf,Aucun,1,Épargne logement/Assurance vie,22,Aucun,Propriétaire,1,Non qualifié (résident),1,Non,Oui,Bon client
0-200 DM,30,Crédits en cours remboursés,Radio/Télévision,1715,Pas d'épargne,1-4 ans,4,Femme divorcée/mariée,Aucun,1,Voiture ou autre,26,Aucun,Propriétaire,1,Qualifié/Employé/Fonctionnaire,1,Non,Oui,Bon client
0-200 DM,27,Compte critique / autres crédits,Radio/Télévision,2520,500-1000 DM,1-4 ans,4,Homme célibataire,Aucun,2,Épargne logement/Assurance vie,23,Aucun,Propriétaire,2,Non qualifié (résident),1,Non,Oui,Mauvais client
Pas de compte,15,Crédits en cours remboursés,Radio/Télévision,3568,< 100 DM,>= 7 ans,4,Femme divorcée/mariée,Aucun,2,Voiture ou autre,54,Banque,Location,1,Cadre/Indépendant/Dirigeant,1,Oui (à son nom),Oui,Bon client
Pas de compte,42,Crédits en cours remboursés,Radio/Télévision,7166,Pas d'épargne,4-7 ans,2,Homme marié/veuf,Aucun,4,Épargne logement/Assurance vie,29,Aucun,Location,1,Qualifié/Employé/Fonctionnaire,1,Oui (à son nom),Oui,Bon client
< 0 DM (découvert),11,Compte critique / autres crédits,Voiture (neuve),3939,< 100 DM,1-4 ans,1,Homme célibataire,Aucun,2,Immobilier,40,Aucun,Propriétaire,2,Non qualifié (résident),2,Non,Oui,Bon client
0-200 DM,15,Crédits en cours remboursés,Réparations,1514,100-500 DM,1-4 ans,4,Homme célibataire,Garant,2,Immobilier,22,Aucun,Propriétaire,1,Qualifié/Employé/Fonctionnaire,1,Non,Oui,Bon client
Pas de compte,24,Crédits en cours remboursés,Voiture (neuve),7393,< 100 DM,1-4 ans,1,Homme célibataire,Aucun,4,Épargne logement/Assurance vie,43,Aucun,Propriétaire,1,Non qualifié (résident),2,Non,Oui,Bon client
< 0 DM (découvert),24,Tous crédits remboursés ici,Voiture (neuve),1193,< 100 DM,Sans emploi,1,Femme divorcée/mariée,Co-demandeur,4,Aucun patrimoine,29,Aucun,Location,2,Sans emploi/Non qualifié (non-résident),1,Non,Oui,Mauvais client
< 0 DM (découvert),60,Crédits en cours remboursés,Business,7297,< 100 DM,>= 7 ans,4,Homme célibataire,Co-demandeur,4,Aucun patrimoine,36,Aucun,Location,1,Qualifié/Employé/Fonctionnaire,1,Non,Oui,Mauvais client
Pas de compte,30,Compte critique / autres crédits,Radio/Télévision,2831,< 100 DM,1-4 ans,4,Femme divorcée/mariée,Aucun,2,Voiture ou autre,33,Aucun,Propriétaire,1,Qualifié/Employé/Fonctionnaire,1,Oui (à son nom),Oui,Bon client
>= 200 DM,24,Crédits en cours remboursés,Radio/Télévision,1258,500-1000 DM,1-4 ans,3,Femme divorcée/mariée,Aucun,3,Voiture ou autre,57,Aucun,Propriétaire,1,Non qualifié (résident),1,Non,Oui,Bon client
0-200 DM,6,Crédits en cours remboursés,Radio/Télévision,753,< 100 DM,1-4 ans,2,Femme divorcée/mariée,Garant,3,Immobilier,64,Aucun,Propriétaire,1,Qualifié/Employé/Fonctionnaire,1,Non,Oui,Bon client
0-200 DM,18,Retards de paiement passés,Business,2427,Pas d'épargne,>= 7 ans,4,Homme célibataire,Aucun,2,Épargne logement/Assurance vie,42,Aucun,Propriétaire,2,Qualifié/Employé/Fonctionnaire,1,Non,Oui,Bon client
Pas de compte,24,Retards de paiement passés,Voiture (neuve),2538,< 100 DM,>= 7 ans,4,Homme célibataire,Aucun,4,Voiture ou autre,47,Aucun,Propriétaire,2,Non qualifié (résident),2,Non,Oui,Mauvais client
0-200 DM,15,Tous crédits remboursés ici,Voiture (neuve),1264,100-500 DM,1-4 ans,2,Homme marié/veuf,Aucun,2,Épargne logement/Assurance vie,25,Aucun,Location,1,Qualifié/Employé/Fonctionnaire,1,Non,Oui,Mauvais client
0-200 DM,30,Compte critique / autres crédits,Meubles/Équipement,8386,< 100 DM,4-7 ans,2,Homme célibataire,Aucun,2,Épargne logement/Assurance vie,49,Aucun,Propriétaire,1,Qualifié/Employé/Fonctionnaire,1,Non,Oui,Mauvais client
Pas de compte,48,Crédits en cours remboursés,Business,4844,< 100 DM,Sans emploi,3,Homme célibataire,Aucun,2,Voiture ou autre,33,Banque,Location,1,Cadre/Indépendant/Dirigeant,1,Oui (à son nom),Oui,Mauvais client
>= 200 DM,21,Crédits en cours remboursés,Voiture (neuve),2923,100-500 DM,1-4 ans,1,Femme divorcée/mariée,Aucun,1,Voiture ou autre,28,Banque,Propriétaire,1,Cadre/Indépendant/Dirigeant,1,Oui (à son nom),Oui,Bon client
< 0 DM (découvert),36,Crédits en cours remboursés,Voiture (occasion),8229,< 100 DM,1-4 ans,2,Homme célibataire,Aucun,2,Épargne logement/Assurance vie,26,Aucun,Propriétaire,1,Qualifié/Employé/Fonctionnaire,2,Non,Oui,Mauvais client
Pas de compte,24,Compte critique / autres crédits,Meubles/Équipement,2028,< 100 DM,4-7 ans,2,Homme célibataire,Aucun,2,Épargne logement/Assurance vie,30,Aucun,Propriétaire,2,Non qualifié (résident),1,Non,Oui,Bon client
< 0 DM (découvert),15,Compte critique / autres crédits,Meubles/Équipement,1433,< 100 DM,1-4 ans,4,Femme divorcée/mariée,Aucun,3,Épargne logement/Assurance vie,25,Aucun,Location,2,Qualifié/Employé/Fonctionnaire,1,Non,Oui,Bon client
>= 200 DM,42,Aucun crédit / tous remboursés,Business,6289,< 100 DM,< 1 an,2,Homme divorcé/séparé,Aucun,1,Épargne logement/Assurance vie,33,Aucun,Propriétaire,2,Qualifié/Employé/Fonctionnaire,1,Non,Oui,Bon client
Pas de compte,13,Crédits en cours remboursés,Radio/Télévision,1409,100-500 DM,Sans emploi,2,Femme divorcée/mariée,Aucun,4,Immobilier,64,Aucun,Propriétaire,1,Qualifié/Employé/Fonctionnaire,1,Non,Oui,Bon client
< 0 DM (découvert),24,Crédits en cours remboursés,Voiture (occasion),6579,< 100 DM,Sans emploi,4,Homme célibataire,Aucun,2,Aucun patrimoine,29,Aucun,Gratuit,1,Cadre/Indépendant/Dirigeant,1,Oui (à son nom),Oui,Bon client
0-200 DM,24,Compte critique / autres crédits,Radio/Télévision,1743,< 100 DM,>= 7 ans,4,Homme célibataire,Aucun,2,Épargne logement/Assurance vie,48,Aucun,Propriétaire,2,Non qualifié (résident),1,Non,Oui,Bon client
Pas de compte,12,Compte critique / autres crédits,Éducation,3565,Pas d'épargne,< 1 an,2,Homme célibataire,Aucun,1,Épargne logement/Assurance vie,37,Aucun,Propriétaire,2,Non qualifié (résident),2,Non,Oui,Bon client
Pas de compte,15,Tous crédits remboursés ici,Radio/Télévision,1569,100-500 DM,>= 7 ans,4,Homme célibataire,Aucun,4,Voiture ou autre,34,Banque,Propriétaire,1,Non qualifié (résident),2,Non,Oui,Bon client
< 0 DM (découvert),18,Crédits en cours remboursés,Radio/Télévision,1936,Pas d'épargne,4-7 ans,2,Homme marié/veuf,Aucun,4,Voiture ou autre,23,Aucun,Location,2,Non qualifié (résident),1,Non,Oui,Bon client
< 0 DM (découvert),36,Crédits en cours remboursés,Meubles/Équipement,3959,< 100 DM,Sans emploi,4,Homme célibataire,Aucun,3,Épargne logement/Assurance vie,30,Aucun,Propriétaire,1,Cadre/Indépendant/Dirigeant,1,Oui (à son nom),Oui,Bon client
Pas de compte,12,Crédits en cours remboursés,Voiture (neuve),2390,Pas d'épargne,>= 7 ans,4,Homme célibataire,Aucun,3,Voiture ou autre,50,Aucun,Propriétaire,1,Qualifié/Employé/Fonctionnaire,1,Oui (à son nom),Oui,Bon client
Pas de compte,12,Crédits en cours remboursés,Meubles/Équipement,1736,< 100 DM,4-7 ans,3,Femme divorcée/mariée,Aucun,4,Immobilier,31,Aucun,Propriétaire,1,Non qualifié (résident),1,Non,Oui,Bon client
< 0 DM (découvert),30,Crédits en cours remboursés,Voiture (occasion),3857,< 100 DM,1-4 ans,4,Homme divorcé/séparé,Aucun,4,Épargne logement/Assurance vie,40,Aucun,Propriétaire,1,Cadre/Indépendant/Dirigeant,1,Oui (à son nom),Oui,Bon client
Pas de compte,12,Crédits en cours remboursés,Radio/Télévision,804,< 100 DM,>= 7 ans,4,Homme célibataire,Aucun,4,Voiture ou autre,38,Aucun,Propriétaire,1,Qualifié/Employé/Fonctionnaire,1,Non,Oui,Bon client
< 0 DM (découvert),45,Crédits en cours remboursés,Radio/Télévision,1845,< 100 DM,1-4 ans,4,Homme célibataire,Aucun,4,Aucun patrimoine,23,Aucun,Gratuit,1,Qualifié/Employé/Fonctionnaire,1,Oui (à son nom),Oui,Mauvais client
0-200 DM,45,Compte critique / autres crédits,Voiture (occasion),4576,100-500 DM,Sans emploi,3,Homme célibataire,Aucun,4,Voiture ou autre,27,Aucun,Propriétaire,1,Qualifié/Employé/Fonctionnaire,1,Non,Oui,Bon client
